No.,Time,Source,Destination,Protocol,Length,Info
1,0,10.0.0.1,10.0.0.2,TCP,74,57222 >  [SYN] Seq=0 Win=29200 Len=0 MSS=1460 SACK_PERM=1 TSval=46979 TSecr=0 WS=512
2,0.154734,10.0.0.2,10.0.0.1,TCP,74," > 57222 [SYN, ACK] Seq=0 Ack=1 Win=28960 Len=0 MSS=1460 SACK_PERM=1 TSval=47005 TSecr=46979 WS=512"
3,0.22552,10.0.0.1,10.0.0.2,TCP,2114,"57222 >  [PSH, ACK] Seq=1 Ack=1 Win=29696 Len=2048 TSval=47031 TSecr=47005"
4,0.237222,10.0.0.1,10.0.0.2,TCP,1514,57222 >  [ACK] Seq=2049 Ack=1 Win=29696 Len=1448 TSval=47031 TSecr=47005
5,0.248971,10.0.0.1,10.0.0.2,TCP,1514,57222 >  [ACK] Seq=3497 Ack=1 Win=29696 Len=1448 TSval=47031 TSecr=47005
6,0.26164,10.0.0.1,10.0.0.2,TCP,1514,[TCP Previous segment not captured] 57222 >  [ACK] Seq=7841 Ack=1 Win=29696 Len=1448 TSval=47031 TSecr=47005
7,0.28603,10.0.0.1,10.0.0.2,TCP,2962,57222 >  [ACK] Seq=9289 Ack=1 Win=29696 Len=2896 TSval=47031 TSecr=47005
8,0.297622,10.0.0.1,10.0.0.2,TCP,1514,57222 >  [ACK] Seq=12185 Ack=1 Win=29696 Len=1448 TSval=47031 TSecr=47005
9,0.378749,10.0.0.2,10.0.0.1,TCP,66, > 57222 [ACK] Seq=1 Ack=1449 Win=32256 Len=0 TSval=47061 TSecr=47031
10,0.379095,10.0.0.2,10.0.0.1,TCP,66, > 57222 [ACK] Seq=1 Ack=2049 Win=34816 Len=0 TSval=47061 TSecr=47031
11,0.388516,10.0.0.2,10.0.0.1,TCP,66, > 57222 [ACK] Seq=1 Ack=3497 Win=37888 Len=0 TSval=47064 TSecr=47031
12,0.400126,10.0.0.2,10.0.0.1,TCP,66, > 57222 [ACK] Seq=1 Ack=4945 Win=40960 Len=0 TSval=47067 TSecr=47031
13,0.412114,10.0.0.2,10.0.0.1,TCP,78,[TCP Window Update]  > 57222 [ACK] Seq=1 Ack=4945 Win=43520 Len=0 TSval=47070 TSecr=47031 SLE=7841 SRE=9289
14,0.436606,10.0.0.2,10.0.0.1,TCP,78,[TCP Window Update]  > 57222 [ACK] Seq=1 Ack=4945 Win=49664 Len=0 TSval=47076 TSecr=47031 SLE=7841 SRE=12185
15,0.448984,10.0.0.2,10.0.0.1,TCP,78,[TCP Window Update]  > 57222 [ACK] Seq=1 Ack=4945 Win=52224 Len=0 TSval=47079 TSecr=47031 SLE=7841 SRE=13633
16,0.453862,10.0.0.1,10.0.0.2,TCP,2962,57222 >  [ACK] Seq=13633 Ack=1 Win=29696 Len=2896 TSval=47086 TSecr=47061
17,0.478266,10.0.0.1,10.0.0.2,TCP,2962,57222 >  [ACK] Seq=16529 Ack=1 Win=29696 Len=2896 TSval=47086 TSecr=47061
18,0.501709,10.0.0.1,10.0.0.2,TCP,2962,57222 >  [ACK] Seq=19425 Ack=1 Win=29696 Len=2896 TSval=47089 TSecr=47064
19,0.52612,10.0.0.1,10.0.0.2,TCP,2962,57222 >  [ACK] Seq=22321 Ack=1 Win=29696 Len=2896 TSval=47092 TSecr=47067
20,0.537877,10.0.0.1,10.0.0.2,TCP,1514,57222 >  [ACK] Seq=25217 Ack=1 Win=29696 Len=1448 TSval=47095 TSecr=47070
21,0.550192,10.0.0.1,10.0.0.2,TCP,1514,[TCP Retransmission] 57222 >  [ACK] Seq=6393 Ack=1 Win=29696 Len=1448 TSval=47101 TSecr=47076
22,0.605023,10.0.0.2,10.0.0.1,TCP,78,[TCP Window Update]  > 57222 [ACK] Seq=1 Ack=4945 Win=58368 Len=0 TSval=47118 TSecr=47031 SLE=7841 SRE=16529
23,0.630141,10.0.0.2,10.0.0.1,TCP,78,[TCP Window Update]  > 57222 [ACK] Seq=1 Ack=4945 Win=64000 Len=0 TSval=47124 TSecr=47031 SLE=7841 SRE=19425
24,0.652898,10.0.0.2,10.0.0.1,TCP,78,[TCP Window Update]  > 57222 [ACK] Seq=1 Ack=4945 Win=69632 Len=0 TSval=47130 TSecr=47031 SLE=7841 SRE=22321
25,0.677109,10.0.0.2,10.0.0.1,TCP,78,[TCP Window Update]  > 57222 [ACK] Seq=1 Ack=4945 Win=75776 Len=0 TSval=47136 TSecr=47031 SLE=7841 SRE=25217
26,0.690133,10.0.0.2,10.0.0.1,TCP,78,[TCP Window Update]  > 57222 [ACK] Seq=1 Ack=4945 Win=78336 Len=0 TSval=47139 TSecr=47031 SLE=7841 SRE=26665
27,0.692695,10.0.0.1,10.0.0.2,TCP,1514,57222 >  [ACK] Seq=26665 Ack=1 Win=29696 Len=1448 TSval=47149 TSecr=47124
28,0.702227,10.0.0.2,10.0.0.1,TCP,78,[TCP Window Update]  > 57222 [ACK] Seq=1 Ack=4945 Win=81408 Len=0 TSval=47142 TSecr=47031 SLE=6393 SRE=26665
29,0.704602,10.0.0.1,10.0.0.2,TCP,1514,57222 >  [ACK] Seq=28113 Ack=1 Win=29696 Len=1448 TSval=47149 TSecr=47124
30,0.728974,10.0.0.1,10.0.0.2,TCP,2962,57222 >  [ACK] Seq=29561 Ack=1 Win=29696 Len=2896 TSval=47155 TSecr=47130
31,0.752926,10.0.0.1,10.0.0.2,TCP,2962,57222 >  [ACK] Seq=32457 Ack=1 Win=29696 Len=2896 TSval=47161 TSecr=47136
32,0.765121,10.0.0.1,10.0.0.2,TCP,1514,57222 >  [ACK] Seq=35353 Ack=1 Win=29696 Len=1448 TSval=47164 TSecr=47139
33,0.777355,10.0.0.1,10.0.0.2,TCP,1514,57222 >  [ACK] Seq=36801 Ack=1 Win=29696 Len=1448 TSval=47167 TSecr=47142
34,0.872742,10.0.0.2,10.0.0.1,TCP,78,[TCP Window Update]  > 57222 [ACK] Seq=1 Ack=4945 Win=84480 Len=0 TSval=47178 TSecr=47031 SLE=6393 SRE=28113
35,0.872826,10.0.0.2,10.0.0.1,TCP,78,[TCP Window Update]  > 57222 [ACK] Seq=1 Ack=4945 Win=87040 Len=0 TSval=47181 TSecr=47031 SLE=6393 SRE=29561
36,0.880554,10.0.0.2,10.0.0.1,TCP,78,[TCP Window Update]  > 57222 [ACK] Seq=1 Ack=4945 Win=92672 Len=0 TSval=47187 TSecr=47031 SLE=6393 SRE=32457
37,0.923006,10.0.0.2,10.0.0.1,TCP,78,[TCP Window Update]  > 57222 [ACK] Seq=1 Ack=4945 Win=98816 Len=0 TSval=47192 TSecr=47031 SLE=6393 SRE=35353
38,0.923009,10.0.0.2,10.0.0.1,TCP,78,[TCP Window Update]  > 57222 [ACK] Seq=1 Ack=4945 Win=101376 Len=0 TSval=47196 TSecr=47031 SLE=6393 SRE=36801
39,0.931109,10.0.0.2,10.0.0.1,TCP,78,[TCP Window Update]  > 57222 [ACK] Seq=1 Ack=4945 Win=104448 Len=0 TSval=47199 TSecr=47031 SLE=6393 SRE=38249
40,0.935516,10.0.0.1,10.0.0.2,TCP,1514,[TCP Retransmission] 57222 >  [ACK] Seq=4945 Ack=1 Win=29696 Len=1448 TSval=47210 TSecr=47178
41,0.947574,10.0.0.1,10.0.0.2,TCP,1514,57222 >  [ACK] Seq=38249 Ack=1 Win=29696 Len=1448 TSval=47210 TSecr=47178
42,0.95928,10.0.0.1,10.0.0.2,TCP,1514,57222 >  [ACK] Seq=39697 Ack=1 Win=29696 Len=1448 TSval=47210 TSecr=47181
43,0.971591,10.0.0.1,10.0.0.2,TCP,1514,[TCP Previous segment not captured] 57222 >  [ACK] Seq=42593 Ack=1 Win=29696 Len=1448 TSval=47212 TSecr=47187
44,0.997361,10.0.0.1,10.0.0.2,TCP,2962,57222 >  [ACK] Seq=44041 Ack=1 Win=29696 Len=2896 TSval=47222 TSecr=47192
45,1.009631,10.0.0.1,10.0.0.2,TCP,1514,57222 >  [ACK] Seq=46937 Ack=1 Win=29696 Len=1448 TSval=47222 TSecr=47196
46,1.021817,10.0.0.1,10.0.0.2,TCP,1514,57222 >  [ACK] Seq=48385 Ack=1 Win=29696 Len=1448 TSval=47224 TSecr=47199
47,1.086737,10.0.0.2,10.0.0.1,TCP,66, > 57222 [ACK] Seq=1 Ack=38249 Win=107520 Len=0 TSval=47238 TSecr=47210
48,1.098884,10.0.0.2,10.0.0.1,TCP,66, > 57222 [ACK] Seq=1 Ack=39697 Win=110080 Len=0 TSval=47241 TSecr=47210
49,1.110158,10.0.0.2,10.0.0.1,TCP,66, > 57222 [ACK] Seq=1 Ack=41145 Win=113152 Len=0 TSval=47244 TSecr=47210
50,1.124234,10.0.0.2,10.0.0.1,TCP,78,[TCP Window Update]  > 57222 [ACK] Seq=1 Ack=41145 Win=116224 Len=0 TSval=47247 TSecr=47210 SLE=42593 SRE=44041
51,1.148101,10.0.0.2,10.0.0.1,TCP,78,[TCP Window Update]  > 57222 [ACK] Seq=1 Ack=41145 Win=121856 Len=0 TSval=47254 TSecr=47210 SLE=42593 SRE=46937
52,1.149072,10.0.0.1,10.0.0.2,TCP,1514,57222 >  [ACK] Seq=49833 Ack=1 Win=29696 Len=1448 TSval=47263 TSecr=47238
53,1.160296,10.0.0.2,10.0.0.1,TCP,78,[TCP Window Update]  > 57222 [ACK] Seq=1 Ack=41145 Win=124928 Len=0 TSval=47257 TSecr=47210 SLE=42593 SRE=48385
54,1.172974,10.0.0.2,10.0.0.1,TCP,78,[TCP Window Update]  > 57222 [ACK] Seq=1 Ack=41145 Win=127488 Len=0 TSval=47260 TSecr=47210 SLE=42593 SRE=49833
55,1.173964,10.0.0.1,10.0.0.2,TCP,2962,57222 >  [ACK] Seq=51281 Ack=1 Win=29696 Len=2896 TSval=47266 TSecr=47241
56,1.185572,10.0.0.1,10.0.0.2,TCP,1514,57222 >  [ACK] Seq=54177 Ack=1 Win=29696 Len=1448 TSval=47269 TSecr=47244
57,1.19792,10.0.0.1,10.0.0.2,TCP,1514,57222 >  [ACK] Seq=55625 Ack=1 Win=29696 Len=1448 TSval=47273 TSecr=47247
58,1.211097,10.0.0.1,10.0.0.2,TCP,1514,[TCP Retransmission] 57222 >  [ACK] Seq=41145 Ack=1 Win=29696 Len=1448 TSval=47279 TSecr=47254
59,1.235236,10.0.0.1,10.0.0.2,TCP,1514,57222 >  [ACK] Seq=57073 Ack=1 Win=29696 Len=1448 TSval=47285 TSecr=47260
60,1.299834,10.0.0.2,10.0.0.1,TCP,78,[TCP Window Update]  > 57222 [ACK] Seq=1 Ack=41145 Win=130560 Len=0 TSval=47292 TSecr=47210 SLE=42593 SRE=51281
61,1.324782,10.0.0.2,10.0.0.1,TCP,78,[TCP Window Update]  > 57222 [ACK] Seq=1 Ack=41145 Win=136192 Len=0 TSval=47298 TSecr=47210 SLE=42593 SRE=54177
62,1.336933,10.0.0.2,10.0.0.1,TCP,78,[TCP Window Update]  > 57222 [ACK] Seq=1 Ack=41145 Win=139264 Len=0 TSval=47301 TSecr=47210 SLE=42593 SRE=55625
63,1.348577,10.0.0.2,10.0.0.1,TCP,78,[TCP Window Update]  > 57222 [ACK] Seq=1 Ack=41145 Win=142336 Len=0 TSval=47304 TSecr=47210 SLE=42593 SRE=57073
64,1.36243,10.0.0.1,10.0.0.2,TCP,1514,57222 >  [ACK] Seq=58521 Ack=1 Win=29696 Len=1448 TSval=47317 TSecr=47292
65,1.362558,10.0.0.2,10.0.0.1,TCP,66, > 57222 [ACK] Seq=1 Ack=57073 Win=144896 Len=0 TSval=47307 TSecr=47279
66,1.386069,10.0.0.2,10.0.0.1,TCP,66, > 57222 [ACK] Seq=1 Ack=58521 Win=147968 Len=0 TSval=47313 TSecr=47285
67,1.399738,10.0.0.1,10.0.0.2,TCP,1514,[TCP Previous segment not captured] 57222 >  [ACK] Seq=62865 Ack=1 Win=29696 Len=1448 TSval=47326 TSecr=47301
68,1.4115,10.0.0.1,10.0.0.2,TCP,1514,57222 >  [ACK] Seq=64313 Ack=1 Win=29696 Len=1448 TSval=47329 TSecr=47304
69,1.42478,10.0.0.1,10.0.0.2,TCP,1514,57222 >  [ACK] Seq=65761 Ack=1 Win=29696 Len=1448 TSval=47332 TSecr=47307
70,1.461295,10.0.0.1,10.0.0.2,TCP,2962,57222 >  [ACK] Seq=67209 Ack=1 Win=29696 Len=2896 TSval=47338 TSecr=47313
71,1.512693,10.0.0.2,10.0.0.1,TCP,66, > 57222 [ACK] Seq=1 Ack=59969 Win=151040 Len=0 TSval=47345 TSecr=47317
72,1.551444,10.0.0.2,10.0.0.1,TCP,78,[TCP Window Update]  > 57222 [ACK] Seq=1 Ack=59969 Win=153600 Len=0 TSval=47354 TSecr=47317 SLE=62865 SRE=64313
73,1.562602,10.0.0.2,10.0.0.1,TCP,78,[TCP Window Update]  > 57222 [ACK] Seq=1 Ack=59969 Win=156672 Len=0 TSval=47357 TSecr=47317 SLE=62865 SRE=65761
74,1.57541,10.0.0.1,10.0.0.2,TCP,1514,57222 >  [ACK] Seq=70105 Ack=1 Win=29696 Len=1448 TSval=47370 TSecr=47345
75,1.57543,10.0.0.2,10.0.0.1,TCP,78,[TCP Window Update]  > 57222 [ACK] Seq=1 Ack=59969 Win=159744 Len=0 TSval=47360 TSecr=47317 SLE=62865 SRE=67209
76,1.61294,10.0.0.2,10.0.0.1,TCP,78,[TCP Window Update]  > 57222 [ACK] Seq=1 Ack=59969 Win=165376 Len=0 TSval=47370 TSecr=47317 SLE=62865 SRE=70105
77,1.613667,10.0.0.1,10.0.0.2,TCP,1514,57222 >  [ACK] Seq=71553 Ack=1 Win=29696 Len=1448 TSval=47380 TSecr=47354
78,1.625809,10.0.0.1,10.0.0.2,TCP,1514,[TCP Retransmission] 57222 >  [ACK] Seq=59969 Ack=1 Win=29696 Len=1448 TSval=47382 TSecr=47357
79,1.675155,10.0.0.1,10.0.0.2,TCP,1514,[TCP Retransmission] 57222 >  [ACK] Seq=61417 Ack=1 Win=29696 Len=1448 TSval=47395 TSecr=47370
80,1.687791,10.0.0.1,10.0.0.2,TCP,1514,57222 >  [ACK] Seq=73001 Ack=1 Win=29696 Len=1448 TSval=47395 TSecr=47370
81,1.725869,10.0.0.2,10.0.0.1,TCP,78,[TCP Window Update]  > 57222 [ACK] Seq=1 Ack=59969 Win=168448 Len=0 TSval=47398 TSecr=47317 SLE=62865 SRE=71553
82,1.76584,10.0.0.2,10.0.0.1,TCP,78,[TCP Window Update]  > 57222 [ACK] Seq=1 Ack=59969 Win=170496 Len=0 TSval=47408 TSecr=47317 SLE=62865 SRE=73001
83,1.779184,10.0.0.2,10.0.0.1,TCP,78, > 57222 [ACK] Seq=1 Ack=61417 Win=170496 Len=0 TSval=47411 TSecr=47382 SLE=62865 SRE=73001
84,1.788331,10.0.0.1,10.0.0.2,TCP,1514,57222 >  [ACK] Seq=74449 Ack=1 Win=29696 Len=1448 TSval=47423 TSecr=47398
85,1.826323,10.0.0.2,10.0.0.1,TCP,66, > 57222 [ACK] Seq=1 Ack=73001 Win=170496 Len=0 TSval=47423 TSecr=47395
86,1.828337,10.0.0.1,10.0.0.2,TCP,1514,57222 >  [ACK] Seq=75897 Ack=1 Win=29696 Len=1448 TSval=47433 TSecr=47408
87,1.838692,10.0.0.2,10.0.0.1,TCP,66, > 57222 [ACK] Seq=1 Ack=74449 Win=170496 Len=0 TSval=47426 TSecr=47395
88,1.841866,10.0.0.1,10.0.0.2,TCP,1514,57222 >  [ACK] Seq=77345 Ack=1 Win=29696 Len=1448 TSval=47437 TSecr=47411
89,1.888867,10.0.0.1,10.0.0.2,TCP,1514,57222 >  [ACK] Seq=78793 Ack=1 Win=29696 Len=1448 TSval=47448 TSecr=47423
90,1.913238,10.0.0.1,10.0.0.2,TCP,2962,57222 >  [ACK] Seq=80241 Ack=1 Win=29696 Len=2896 TSval=47451 TSecr=47426
91,1.939543,10.0.0.2,10.0.0.1,TCP,66, > 57222 [ACK] Seq=1 Ack=75897 Win=170496 Len=0 TSval=47451 TSecr=47423
92,1.978668,10.0.0.2,10.0.0.1,TCP,66, > 57222 [ACK] Seq=1 Ack=77345 Win=170496 Len=0 TSval=47461 TSecr=47433
93,1.993149,10.0.0.2,10.0.0.1,TCP,66, > 57222 [ACK] Seq=1 Ack=78793 Win=170496 Len=0 TSval=47465 TSecr=47437
94,2.002015,10.0.0.1,10.0.0.2,TCP,1514,57222 >  [ACK] Seq=83137 Ack=1 Win=29696 Len=1448 TSval=47477 TSecr=47451
95,2.041101,10.0.0.1,10.0.0.2,TCP,1514,57222 >  [ACK] Seq=84585 Ack=1 Win=29696 Len=1448 TSval=47486 TSecr=47461
96,2.04109,10.0.0.2,10.0.0.1,TCP,66, > 57222 [ACK] Seq=1 Ack=80241 Win=170496 Len=0 TSval=47477 TSecr=47448
97,2.055755,10.0.0.1,10.0.0.2,TCP,1514,57222 >  [ACK] Seq=86033 Ack=1 Win=29696 Len=1448 TSval=47490 TSecr=47465
98,2.064306,10.0.0.2,10.0.0.1,TCP,66, > 57222 [ACK] Seq=1 Ack=83137 Win=170496 Len=0 TSval=47483 TSecr=47451
99,2.103444,10.0.0.1,10.0.0.2,TCP,1514,57222 >  [ACK] Seq=87481 Ack=1 Win=29696 Len=1448 TSval=47502 TSecr=47477
100,2.138788,10.0.0.1,10.0.0.2,TCP,2962,57222 >  [ACK] Seq=88929 Ack=1 Win=29696 Len=2896 TSval=47508 TSecr=47483
101,2.153563,10.0.0.2,10.0.0.1,TCP,66, > 57222 [ACK] Seq=1 Ack=84585 Win=170496 Len=0 TSval=47505 TSecr=47477
102,2.192729,10.0.0.2,10.0.0.1,TCP,66, > 57222 [ACK] Seq=1 Ack=86033 Win=170496 Len=0 TSval=47515 TSecr=47486
103,2.207011,10.0.0.2,10.0.0.1,TCP,66, > 57222 [ACK] Seq=1 Ack=87481 Win=170496 Len=0 TSval=47518 TSecr=47490
104,2.228554,10.0.0.1,10.0.0.2,TCP,2962,57222 >  [ACK] Seq=91825 Ack=1 Win=29696 Len=2896 TSval=47530 TSecr=47505
105,2.254042,10.0.0.2,10.0.0.1,TCP,66, > 57222 [ACK] Seq=1 Ack=88929 Win=170496 Len=0 TSval=47530 TSecr=47502
106,2.269405,10.0.0.1,10.0.0.2,TCP,1514,[TCP Previous segment not captured] 57222 >  [ACK] Seq=96169 Ack=1 Win=29696 Len=1448 TSval=47543 TSecr=47518
107,2.290829,10.0.0.2,10.0.0.1,TCP,66, > 57222 [ACK] Seq=1 Ack=91825 Win=170496 Len=0 TSval=47539 TSecr=47508
108,2.317205,10.0.0.1,10.0.0.2,TCP,1514,57222 >  [ACK] Seq=97617 Ack=1 Win=29696 Len=1448 TSval=47555 TSecr=47530
109,2.366061,10.0.0.1,10.0.0.2,TCP,2962,57222 >  [ACK] Seq=99065 Ack=1 Win=29696 Len=2896 TSval=47564 TSecr=47539
110,2.379178,10.0.0.2,10.0.0.1,TCP,66, > 57222 [ACK] Seq=1 Ack=94721 Win=170496 Len=0 TSval=47561 TSecr=47530
111,2.420652,10.0.0.2,10.0.0.1,TCP,78,[TCP Dup ACK 110#1]  > 57222 [ACK] Seq=1 Ack=94721 Win=170496 Len=0 TSval=47572 TSecr=47530 SLE=96169 SRE=97617
112,2.454231,10.0.0.1,10.0.0.2,TCP,2962,57222 >  [ACK] Seq=101961 Ack=1 Win=29696 Len=2896 TSval=47587 TSecr=47561
113,2.469023,10.0.0.2,10.0.0.1,TCP,78,[TCP Dup ACK 110#2]  > 57222 [ACK] Seq=1 Ack=94721 Win=170496 Len=0 TSval=47584 TSecr=47530 SLE=96169 SRE=99065
114,2.494997,10.0.0.1,10.0.0.2,TCP,2962,57222 >  [ACK] Seq=104857 Ack=1 Win=29696 Len=2896 TSval=47597 TSecr=47572
115,2.517191,10.0.0.2,10.0.0.1,TCP,78,[TCP Dup ACK 110#3]  > 57222 [ACK] Seq=1 Ack=94721 Win=170496 Len=0 TSval=47596 TSecr=47530 SLE=96169 SRE=101961
116,2.531468,10.0.0.1,10.0.0.2,TCP,1514,57222 >  [ACK] Seq=107753 Ack=1 Win=29696 Len=1448 TSval=47609 TSecr=47584
117,2.579597,10.0.0.1,10.0.0.2,TCP,1514,[TCP Retransmission] 57222 >  [ACK] Seq=94721 Ack=1 Win=29696 Len=1448 TSval=47621 TSecr=47596
118,2.605833,10.0.0.2,10.0.0.1,TCP,78,[TCP Dup ACK 110#4]  > 57222 [ACK] Seq=1 Ack=94721 Win=170496 Len=0 TSval=47618 TSecr=47530 SLE=96169 SRE=104857
119,2.646035,10.0.0.2,10.0.0.1,TCP,78,[TCP Dup ACK 110#5]  > 57222 [ACK] Seq=1 Ack=94721 Win=170496 Len=0 TSval=47628 TSecr=47530 SLE=96169 SRE=107753
120,2.66813,10.0.0.1,10.0.0.2,TCP,1514,57222 >  [ACK] Seq=109201 Ack=1 Win=29696 Len=1448 TSval=47643 TSecr=47618
121,2.682132,10.0.0.2,10.0.0.1,TCP,78,[TCP Dup ACK 110#6]  > 57222 [ACK] Seq=1 Ack=94721 Win=170496 Len=0 TSval=47637 TSecr=47530 SLE=96169 SRE=109201
122,2.720312,10.0.0.1,10.0.0.2,TCP,2962,57222 >  [ACK] Seq=110649 Ack=1 Win=29696 Len=2896 TSval=47653 TSecr=47628
123,2.730322,10.0.0.2,10.0.0.1,TCP,66, > 57222 [ACK] Seq=1 Ack=109201 Win=170496 Len=0 TSval=47649 TSecr=47621
124,2.744834,10.0.0.1,10.0.0.2,TCP,1514,57222 >  [ACK] Seq=113545 Ack=1 Win=29696 Len=1448 TSval=47662 TSecr=47637
125,2.79254,10.0.0.1,10.0.0.2,TCP,1514,57222 >  [ACK] Seq=114993 Ack=1 Win=29696 Len=1448 TSval=47674 TSecr=47649
126,2.819242,10.0.0.2,10.0.0.1,TCP,66, > 57222 [ACK] Seq=1 Ack=110649 Win=170496 Len=0 TSval=47671 TSecr=47643
127,2.871258,10.0.0.2,10.0.0.1,TCP,66, > 57222 [ACK] Seq=1 Ack=113545 Win=170496 Len=0 TSval=47684 TSecr=47653
128,2.893638,10.0.0.1,10.0.0.2,TCP,2962,57222 >  [ACK] Seq=116441 Ack=1 Win=29696 Len=2896 TSval=47697 TSecr=47671
129,2.896262,10.0.0.2,10.0.0.1,TCP,66, > 57222 [ACK] Seq=1 Ack=114993 Win=170496 Len=0 TSval=47691 TSecr=47662
130,2.944143,10.0.0.2,10.0.0.1,TCP,66, > 57222 [ACK] Seq=1 Ack=116441 Win=170496 Len=0 TSval=47702 TSecr=47674
131,2.946069,10.0.0.1,10.0.0.2,TCP,2962,57222 >  [ACK] Seq=119337 Ack=1 Win=29696 Len=2896 TSval=47710 TSecr=47684
132,3.00645,10.0.0.1,10.0.0.2,TCP,1514,[TCP Previous segment not captured] 57222 >  [ACK] Seq=123681 Ack=1 Win=29696 Len=1448 TSval=47728 TSecr=47702
133,3.045059,10.0.0.2,10.0.0.1,TCP,66, > 57222 [ACK] Seq=1 Ack=119337 Win=170496 Len=0 TSval=47728 TSecr=47697
134,3.098243,10.0.0.2,10.0.0.1,TCP,66, > 57222 [ACK] Seq=1 Ack=122233 Win=170496 Len=0 TSval=47741 TSecr=47710
135,3.11996,10.0.0.1,10.0.0.2,TCP,2962,57222 >  [ACK] Seq=125129 Ack=1 Win=29696 Len=2896 TSval=47753 TSecr=47728
136,3.157814,10.0.0.2,10.0.0.1,TCP,78,[TCP Dup ACK 134#1]  > 57222 [ACK] Seq=1 Ack=122233 Win=170496 Len=0 TSval=47756 TSecr=47710 SLE=123681 SRE=125129
137,3.172912,10.0.0.1,10.0.0.2,TCP,2962,57222 >  [ACK] Seq=128025 Ack=1 Win=29696 Len=2896 TSval=47766 TSecr=47741
138,3.232997,10.0.0.1,10.0.0.2,TCP,2962,57222 >  [ACK] Seq=130921 Ack=1 Win=29696 Len=2896 TSval=47781 TSecr=47756
139,3.271503,10.0.0.2,10.0.0.1,TCP,78,[TCP Dup ACK 134#2]  > 57222 [ACK] Seq=1 Ack=122233 Win=170496 Len=0 TSval=47784 TSecr=47710 SLE=123681 SRE=128025
140,3.323809,10.0.0.2,10.0.0.1,TCP,78,[TCP Dup ACK 134#3]  > 57222 [ACK] Seq=1 Ack=122233 Win=170496 Len=0 TSval=47798 TSecr=47710 SLE=123681 SRE=130921
141,3.333724,10.0.0.1,10.0.0.2,TCP,1514,[TCP Fast Retransmission] 57222 >  [ACK] Seq=122233 Ack=1 Win=29696 Len=1448 TSval=47810 TSecr=47784
142,3.384177,10.0.0.2,10.0.0.1,TCP,78,[TCP Dup ACK 134#4]  > 57222 [ACK] Seq=1 Ack=122233 Win=170496 Len=0 TSval=47813 TSecr=47710 SLE=123681 SRE=133817
143,3.386202,10.0.0.1,10.0.0.2,TCP,1514,57222 >  [ACK] Seq=133817 Ack=1 Win=29696 Len=1448 TSval=47823 TSecr=47798
144,3.458478,10.0.0.1,10.0.0.2,TCP,2962,57222 >  [ACK] Seq=135265 Ack=1 Win=29696 Len=2896 TSval=47838 TSecr=47813
145,3.484035,10.0.0.2,10.0.0.1,TCP,66, > 57222 [ACK] Seq=1 Ack=133817 Win=170496 Len=0 TSval=47838 TSecr=47810
146,3.536997,10.0.0.2,10.0.0.1,TCP,66, > 57222 [ACK] Seq=1 Ack=135265 Win=170496 Len=0 TSval=47851 TSecr=47823
147,3.546407,10.0.0.1,10.0.0.2,TCP,1514,57222 >  [ACK] Seq=138161 Ack=1 Win=29696 Len=1448 TSval=47863 TSecr=47838
148,3.609211,10.0.0.2,10.0.0.1,TCP,66, > 57222 [ACK] Seq=1 Ack=138161 Win=170496 Len=0 TSval=47869 TSecr=47838
149,3.611639,10.0.0.1,10.0.0.2,TCP,2962,57222 >  [ACK] Seq=139609 Ack=1 Win=29696 Len=2896 TSval=47876 TSecr=47851
150,3.683945,10.0.0.1,10.0.0.2,TCP,2962,57222 >  [ACK] Seq=142505 Ack=1 Win=29696 Len=2896 TSval=47894 TSecr=47869
151,3.697876,10.0.0.2,10.0.0.1,TCP,66, > 57222 [ACK] Seq=1 Ack=139609 Win=170496 Len=0 TSval=47891 TSecr=47863
152,3.762913,10.0.0.2,10.0.0.1,TCP,66, > 57222 [ACK] Seq=1 Ack=142505 Win=170496 Len=0 TSval=47907 TSecr=47876
153,3.834305,10.0.0.2,10.0.0.1,TCP,66, > 57222 [ACK] Seq=1 Ack=145401 Win=170496 Len=0 TSval=47925 TSecr=47894
154,3.837264,10.0.0.1,10.0.0.2,TCP,2962,[TCP Previous segment not captured] 57222 >  [ACK] Seq=146849 Ack=1 Win=29696 Len=2896 TSval=47932 TSecr=47907
155,3.908697,10.0.0.1,10.0.0.2,TCP,2962,57222 >  [ACK] Seq=149745 Ack=1 Win=29696 Len=2896 TSval=47950 TSecr=47925
156,3.988482,10.0.0.2,10.0.0.1,TCP,78,[TCP Dup ACK 153#1]  > 57222 [ACK] Seq=1 Ack=145401 Win=170496 Len=0 TSval=47964 TSecr=47894 SLE=146849 SRE=149745
157,4.059202,10.0.0.2,10.0.0.1,TCP,78,[TCP Dup ACK 153#2]  > 57222 [ACK] Seq=1 Ack=145401 Win=170496 Len=0 TSval=47981 TSecr=47894 SLE=146849 SRE=152641
158,4.062809,10.0.0.1,10.0.0.2,TCP,2962,57222 >  [ACK] Seq=152641 Ack=1 Win=29696 Len=2896 TSval=47989 TSecr=47964
159,4.121479,10.0.0.1,10.0.0.2,TCP,1514,[TCP Retransmission] 57222 >  [ACK] Seq=145401 Ack=1 Win=29696 Len=1448 TSval=48007 TSecr=47981
160,4.213374,10.0.0.2,10.0.0.1,TCP,78,[TCP Dup ACK 153#3]  > 57222 [ACK] Seq=1 Ack=145401 Win=170496 Len=0 TSval=48020 TSecr=47894 SLE=146849 SRE=155537
161,4.274512,10.0.0.2,10.0.0.1,TCP,66, > 57222 [ACK] Seq=1 Ack=155537 Win=170496 Len=0 TSval=48035 TSecr=48007
162,4.275835,10.0.0.1,10.0.0.2,TCP,1514,57222 >  [ACK] Seq=155537 Ack=1 Win=29696 Len=1448 TSval=48045 TSecr=48020
163,4.288128,10.0.0.1,10.0.0.2,TCP,1514,57222 >  [ACK] Seq=156985 Ack=1 Win=29696 Len=1448 TSval=48045 TSecr=48020
164,4.336905,10.0.0.1,10.0.0.2,TCP,1514,57222 >  [ACK] Seq=158433 Ack=1 Win=29696 Len=1448 TSval=48060 TSecr=48035
165,4.426629,10.0.0.2,10.0.0.1,TCP,66, > 57222 [ACK] Seq=1 Ack=156985 Win=170496 Len=0 TSval=48073 TSecr=48045
166,4.43927,10.0.0.2,10.0.0.1,TCP,66, > 57222 [ACK] Seq=1 Ack=158433 Win=170496 Len=0 TSval=48076 TSecr=48045
167,4.489224,10.0.0.2,10.0.0.1,TCP,66, > 57222 [ACK] Seq=1 Ack=159881 Win=170496 Len=0 TSval=48089 TSecr=48060
168,4.501022,10.0.0.1,10.0.0.2,TCP,2962,57222 >  [ACK] Seq=159881 Ack=1 Win=29696 Len=2896 TSval=48098 TSecr=48073
169,4.513583,10.0.0.1,10.0.0.2,TCP,1514,57222 >  [ACK] Seq=162777 Ack=1 Win=29696 Len=1448 TSval=48102 TSecr=48076
170,4.551574,10.0.0.1,10.0.0.2,TCP,1514,57222 >  [ACK] Seq=164225 Ack=1 Win=29696 Len=1448 TSval=48114 TSecr=48089
171,4.653105,10.0.0.2,10.0.0.1,TCP,66, > 57222 [ACK] Seq=1 Ack=162777 Win=170496 Len=0 TSval=48130 TSecr=48098
172,4.663983,10.0.0.2,10.0.0.1,TCP,66, > 57222 [ACK] Seq=1 Ack=164225 Win=170496 Len=0 TSval=48133 TSecr=48102
173,4.703989,10.0.0.2,10.0.0.1,TCP,66, > 57222 [ACK] Seq=1 Ack=165673 Win=170496 Len=0 TSval=48142 TSecr=48114
174,4.728342,10.0.0.1,10.0.0.2,TCP,2962,57222 >  [ACK] Seq=165673 Ack=1 Win=29696 Len=2896 TSval=48155 TSecr=48130
175,4.751837,10.0.0.1,10.0.0.2,TCP,2962,57222 >  [ACK] Seq=168569 Ack=1 Win=29696 Len=2896 TSval=48158 TSecr=48133
176,4.766426,10.0.0.1,10.0.0.2,TCP,1514,57222 >  [ACK] Seq=171465 Ack=1 Win=29696 Len=1448 TSval=48168 TSecr=48142
177,4.87916,10.0.0.2,10.0.0.1,TCP,66, > 57222 [ACK] Seq=1 Ack=168569 Win=170496 Len=0 TSval=48186 TSecr=48155
178,4.908637,10.0.0.2,10.0.0.1,TCP,66, > 57222 [ACK] Seq=1 Ack=171465 Win=170496 Len=0 TSval=48192 TSecr=48158
179,4.917545,10.0.0.2,10.0.0.1,TCP,66, > 57222 [ACK] Seq=1 Ack=172913 Win=170496 Len=0 TSval=48196 TSecr=48168
180,4.953608,10.0.0.1,10.0.0.2,TCP,2962,57222 >  [ACK] Seq=172913 Ack=1 Win=29696 Len=2896 TSval=48211 TSecr=48186
181,4.984051,10.0.0.1,10.0.0.2,TCP,2962,57222 >  [ACK] Seq=175809 Ack=1 Win=29696 Len=2896 TSval=48219 TSecr=48192
182,5.104261,10.0.0.2,10.0.0.1,TCP,66, > 57222 [ACK] Seq=1 Ack=175809 Win=170496 Len=0 TSval=48243 TSecr=48211
183,5.135337,10.0.0.2,10.0.0.1,TCP,66, > 57222 [ACK] Seq=1 Ack=178705 Win=170496 Len=0 TSval=48250 TSecr=48219
184,5.178692,10.0.0.1,10.0.0.2,TCP,2962,[TCP Previous segment not captured] 57222 >  [ACK] Seq=180153 Ack=1 Win=29696 Len=2896 TSval=48268 TSecr=48243
185,5.21034,10.0.0.1,10.0.0.2,TCP,2962,57222 >  [ACK] Seq=183049 Ack=1 Win=29696 Len=2896 TSval=48276 TSecr=48250
186,5.329347,10.0.0.2,10.0.0.1,TCP,78,[TCP Dup ACK 183#1]  > 57222 [ACK] Seq=1 Ack=178705 Win=170496 Len=0 TSval=48299 TSecr=48219 SLE=180153 SRE=183049
187,5.361643,10.0.0.2,10.0.0.1,TCP,78,[TCP Dup ACK 183#2]  > 57222 [ACK] Seq=1 Ack=178705 Win=170496 Len=0 TSval=48307 TSecr=48219 SLE=180153 SRE=185945
188,5.40368,10.0.0.1,10.0.0.2,TCP,2962,57222 >  [ACK] Seq=185945 Ack=1 Win=29696 Len=2896 TSval=48324 TSecr=48299
189,5.416429,10.0.0.1,10.0.0.2,TCP,1514,[TCP Retransmission] 57222 >  [ACK] Seq=178705 Ack=1 Win=29696 Len=1448 TSval=48329 TSecr=48299
190,5.428193,10.0.0.1,10.0.0.2,TCP,1514,57222 >  [ACK] Seq=188841 Ack=1 Win=29696 Len=1448 TSval=48332 TSecr=48307
191,5.554404,10.0.0.2,10.0.0.1,TCP,78,[TCP Dup ACK 183#3]  > 57222 [ACK] Seq=1 Ack=178705 Win=170496 Len=0 TSval=48355 TSecr=48219 SLE=180153 SRE=188841
192,5.567573,10.0.0.2,10.0.0.1,TCP,66, > 57222 [ACK] Seq=1 Ack=188841 Win=170496 Len=0 TSval=48358 TSecr=48329
193,5.579273,10.0.0.2,10.0.0.1,TCP,66, > 57222 [ACK] Seq=1 Ack=190289 Win=170496 Len=0 TSval=48361 TSecr=48332
194,5.617245,10.0.0.1,10.0.0.2,TCP,1514,57222 >  [ACK] Seq=190289 Ack=1 Win=29696 Len=1448 TSval=48380 TSecr=48355
195,5.630137,10.0.0.1,10.0.0.2,TCP,1514,57222 >  [ACK] Seq=191737 Ack=1 Win=29696 Len=1448 TSval=48384 TSecr=48358
196,5.654625,10.0.0.1,10.0.0.2,TCP,2962,57222 >  [ACK] Seq=193185 Ack=1 Win=29696 Len=2896 TSval=48387 TSecr=48361
197,5.768562,10.0.0.2,10.0.0.1,TCP,66, > 57222 [ACK] Seq=1 Ack=191737 Win=170496 Len=0 TSval=48409 TSecr=48380
198,5.781649,10.0.0.2,10.0.0.1,TCP,66, > 57222 [ACK] Seq=1 Ack=193185 Win=170496 Len=0 TSval=48412 TSecr=48384
199,5.806577,10.0.0.2,10.0.0.1,TCP,66, > 57222 [ACK] Seq=1 Ack=196081 Win=170496 Len=0 TSval=48418 TSecr=48387
200,5.830739,10.0.0.1,10.0.0.2,TCP,1514,57222 >  [ACK] Seq=196081 Ack=1 Win=29696 Len=1448 TSval=48434 TSecr=48409
201,5.844593,10.0.0.1,10.0.0.2,TCP,1514,57222 >  [ACK] Seq=197529 Ack=1 Win=29696 Len=1448 TSval=48437 TSecr=48412
202,5.868735,10.0.0.1,10.0.0.2,TCP,1514,[TCP Previous segment not captured] 57222 >  [ACK] Seq=201873 Ack=1 Win=29696 Len=1448 TSval=48443 TSecr=48418
203,5.981592,10.0.0.2,10.0.0.1,TCP,66, > 57222 [ACK] Seq=1 Ack=197529 Win=170496 Len=0 TSval=48462 TSecr=48434
204,5.995151,10.0.0.2,10.0.0.1,TCP,66, > 57222 [ACK] Seq=1 Ack=198977 Win=170496 Len=0 TSval=48465 TSecr=48437
205,6.020687,10.0.0.2,10.0.0.1,TCP,78,[TCP Dup ACK 204#1]  > 57222 [ACK] Seq=1 Ack=198977 Win=170496 Len=0 TSval=48472 TSecr=48437 SLE=201873 SRE=203321
206,6.05768,10.0.0.1,10.0.0.2,TCP,1514,[TCP Previous segment not captured] 57222 >  [ACK] Seq=204769 Ack=1 Win=29696 Len=1448 TSval=48490 TSecr=48465
207,6.083423,10.0.0.1,10.0.0.2,TCP,1514,57222 >  [ACK] Seq=206217 Ack=1 Win=29696 Len=1448 TSval=48497 TSecr=48472
208,6.208444,10.0.0.2,10.0.0.1,TCP,86,[TCP Dup ACK 204#2]  > 57222 [ACK] Seq=1 Ack=198977 Win=170496 Len=0 TSval=48519 TSecr=48437 SLE=204769 SRE=206217 SLE=201873 SRE=203321
209,6.233848,10.0.0.2,10.0.0.1,TCP,86,[TCP Dup ACK 204#3]  > 57222 [ACK] Seq=1 Ack=198977 Win=170496 Len=0 TSval=48525 TSecr=48437 SLE=204769 SRE=207665 SLE=201873 SRE=203321
210,6.71349,10.0.0.1,10.0.0.2,TCP,1514,[TCP Retransmission] 57222 >  [ACK] Seq=198977 Ack=1 Win=29696 Len=1448 TSval=48655 TSecr=48525
211,6.86513,10.0.0.2,10.0.0.1,TCP,86, > 57222 [ACK] Seq=1 Ack=200425 Win=170496 Len=0 TSval=48683 TSecr=48655 SLE=204769 SRE=207665 SLE=201873 SRE=203321
212,6.928251,10.0.0.1,10.0.0.2,TCP,1514,[TCP Retransmission] 57222 >  [ACK] Seq=200425 Ack=1 Win=29696 Len=1448 TSval=48708 TSecr=48683
213,6.940005,10.0.0.1,10.0.0.2,TCP,1514,[TCP Retransmission] 57222 >  [ACK] Seq=203321 Ack=1 Win=29696 Len=1448 TSval=48708 TSecr=48683
214,7.078801,10.0.0.2,10.0.0.1,TCP,78, > 57222 [ACK] Seq=1 Ack=203321 Win=170496 Len=0 TSval=48736 TSecr=48708 SLE=204769 SRE=207665
215,7.091693,10.0.0.2,10.0.0.1,TCP,66, > 57222 [ACK] Seq=1 Ack=207665 Win=170496 Len=0 TSval=48739 TSecr=48708
216,7.153756,10.0.0.1,10.0.0.2,TCP,2962,57222 >  [ACK] Seq=207665 Ack=1 Win=29696 Len=2896 TSval=48761 TSecr=48736
217,7.166364,10.0.0.1,10.0.0.2,TCP,1514,57222 >  [ACK] Seq=210561 Ack=1 Win=29696 Len=1448 TSval=48761 TSecr=48736
218,7.178005,10.0.0.1,10.0.0.2,TCP,1514,57222 >  [ACK] Seq=212009 Ack=1 Win=29696 Len=1448 TSval=48765 TSecr=48739
219,7.304305,10.0.0.2,10.0.0.1,TCP,66, > 57222 [ACK] Seq=1 Ack=210561 Win=170496 Len=0 TSval=48793 TSecr=48761
220,7.31766,10.0.0.2,10.0.0.1,TCP,66, > 57222 [ACK] Seq=1 Ack=212009 Win=170496 Len=0 TSval=48796 TSecr=48761
221,7.328699,10.0.0.2,10.0.0.1,TCP,66, > 57222 [ACK] Seq=1 Ack=213457 Win=170496 Len=0 TSval=48799 TSecr=48765
222,7.378677,10.0.0.1,10.0.0.2,TCP,2962,57222 >  [ACK] Seq=213457 Ack=1 Win=29696 Len=2896 TSval=48818 TSecr=48793
223,7.391009,10.0.0.1,10.0.0.2,TCP,1514,[TCP Previous segment not captured] 57222 >  [ACK] Seq=217801 Ack=1 Win=29696 Len=1448 TSval=48824 TSecr=48799
224,7.529312,10.0.0.2,10.0.0.1,TCP,66, > 57222 [ACK] Seq=1 Ack=216353 Win=170496 Len=0 TSval=48849 TSecr=48818
225,7.541572,10.0.0.2,10.0.0.1,TCP,78,[TCP Dup ACK 224#1]  > 57222 [ACK] Seq=1 Ack=216353 Win=170496 Len=0 TSval=48852 TSecr=48818 SLE=217801 SRE=219249
226,7.604463,10.0.0.1,10.0.0.2,TCP,2962,57222 >  [ACK] Seq=219249 Ack=1 Win=29696 Len=2896 TSval=48874 TSecr=48849
227,7.627912,10.0.0.1,10.0.0.2,TCP,2962,57222 >  [ACK] Seq=222145 Ack=1 Win=29696 Len=2896 TSval=48877 TSecr=48852
228,7.755796,10.0.0.2,10.0.0.1,TCP,78,[TCP Dup ACK 224#2]  > 57222 [ACK] Seq=1 Ack=216353 Win=170496 Len=0 TSval=48905 TSecr=48818 SLE=217801 SRE=222145
229,7.778849,10.0.0.2,10.0.0.1,TCP,78,[TCP Dup ACK 224#3]  > 57222 [ACK] Seq=1 Ack=216353 Win=170496 Len=0 TSval=48911 TSecr=48818 SLE=217801 SRE=225041
230,7.818419,10.0.0.1,10.0.0.2,TCP,1514,[TCP Retransmission] 57222 >  [ACK] Seq=216353 Ack=1 Win=29696 Len=1448 TSval=48931 TSecr=48905
231,7.84164,10.0.0.1,10.0.0.2,TCP,1514,[TCP Previous segment not captured] 57222 >  [ACK] Seq=226489 Ack=1 Win=29696 Len=1448 TSval=48936 TSecr=48911
232,7.968896,10.0.0.2,10.0.0.1,TCP,66, > 57222 [ACK] Seq=1 Ack=225041 Win=170496 Len=0 TSval=48959 TSecr=48931
233,7.994001,10.0.0.2,10.0.0.1,TCP,78,[TCP Dup ACK 232#1]  > 57222 [ACK] Seq=1 Ack=225041 Win=170496 Len=0 TSval=48965 TSecr=48931 SLE=226489 SRE=227937
234,8.031205,10.0.0.1,10.0.0.2,TCP,1514,57222 >  [ACK] Seq=227937 Ack=1 Win=29696 Len=1448 TSval=48984 TSecr=48959
235,8.056585,10.0.0.1,10.0.0.2,TCP,1514,57222 >  [ACK] Seq=229385 Ack=1 Win=29696 Len=1448 TSval=48990 TSecr=48965
236,8.182314,10.0.0.2,10.0.0.1,TCP,78,[TCP Dup ACK 232#2]  > 57222 [ACK] Seq=1 Ack=225041 Win=170496 Len=0 TSval=49012 TSecr=48931 SLE=226489 SRE=229385
237,8.207724,10.0.0.2,10.0.0.1,TCP,78,[TCP Dup ACK 232#3]  > 57222 [ACK] Seq=1 Ack=225041 Win=170496 Len=0 TSval=49018 TSecr=48931 SLE=226489 SRE=230833
238,8.244828,10.0.0.1,10.0.0.2,TCP,1514,57222 >  [ACK] Seq=230833 Ack=1 Win=29696 Len=1448 TSval=49037 TSecr=49012
239,8.262444,10.0.0.1,10.0.0.2,TCP,1514,[TCP Retransmission] 57222 >  [ACK] Seq=225041 Ack=1 Win=29696 Len=1448 TSval=49042 TSecr=49012
240,8.275129,10.0.0.1,10.0.0.2,TCP,1514,57222 >  [ACK] Seq=232281 Ack=1 Win=29696 Len=1448 TSval=49044 TSecr=49018
241,8.397083,10.0.0.2,10.0.0.1,TCP,78,[TCP Dup ACK 232#4]  > 57222 [ACK] Seq=1 Ack=225041 Win=170496 Len=0 TSval=49066 TSecr=48931 SLE=226489 SRE=232281
242,8.413679,10.0.0.2,10.0.0.1,TCP,66, > 57222 [ACK] Seq=1 Ack=232281 Win=170496 Len=0 TSval=49070 TSecr=49042
243,8.426396,10.0.0.2,10.0.0.1,TCP,66, > 57222 [ACK] Seq=1 Ack=233729 Win=170496 Len=0 TSval=49073 TSecr=49044
244,8.476147,10.0.0.1,10.0.0.2,TCP,1514,57222 >  [ACK] Seq=233729 Ack=1 Win=29696 Len=1448 TSval=49095 TSecr=49070
245,8.488853,10.0.0.1,10.0.0.2,TCP,1514,57222 >  [ACK] Seq=235177 Ack=1 Win=29696 Len=1448 TSval=49098 TSecr=49073
246,8.500845,10.0.0.1,10.0.0.2,TCP,1514,57222 >  [ACK] Seq=236625 Ack=1 Win=29696 Len=1448 TSval=49098 TSecr=49073
247,8.626939,10.0.0.2,10.0.0.1,TCP,66, > 57222 [ACK] Seq=1 Ack=235177 Win=170496 Len=0 TSval=49123 TSecr=49095
248,8.639963,10.0.0.2,10.0.0.1,TCP,66, > 57222 [ACK] Seq=1 Ack=236625 Win=170496 Len=0 TSval=49127 TSecr=49098
249,8.652041,10.0.0.2,10.0.0.1,TCP,66, > 57222 [ACK] Seq=1 Ack=238073 Win=170496 Len=0 TSval=49130 TSecr=49098
250,8.689191,10.0.0.1,10.0.0.2,TCP,1514,57222 >  [ACK] Seq=238073 Ack=1 Win=29696 Len=1448 TSval=49148 TSecr=49123
251,8.702803,10.0.0.1,10.0.0.2,TCP,1514,57222 >  [ACK] Seq=239521 Ack=1 Win=29696 Len=1448 TSval=49152 TSecr=49127
252,8.714704,10.0.0.1,10.0.0.2,TCP,1514,57222 >  [ACK] Seq=240969 Ack=1 Win=29696 Len=1448 TSval=49155 TSecr=49130
253,8.840041,10.0.0.2,10.0.0.1,TCP,66, > 57222 [ACK] Seq=1 Ack=239521 Win=170496 Len=0 TSval=49177 TSecr=49148
254,8.855682,10.0.0.2,10.0.0.1,TCP,66, > 57222 [ACK] Seq=1 Ack=240969 Win=170496 Len=0 TSval=49180 TSecr=49152
255,8.865645,10.0.0.2,10.0.0.1,TCP,66, > 57222 [ACK] Seq=1 Ack=242417 Win=170496 Len=0 TSval=49183 TSecr=49155
256,8.903071,10.0.0.1,10.0.0.2,TCP,1514,57222 >  [ACK] Seq=242417 Ack=1 Win=29696 Len=1448 TSval=49202 TSecr=49177
257,8.918827,10.0.0.1,10.0.0.2,TCP,1514,57222 >  [ACK] Seq=243865 Ack=1 Win=29696 Len=1448 TSval=49206 TSecr=49180
258,8.930382,10.0.0.1,10.0.0.2,TCP,1514,57222 >  [ACK] Seq=245313 Ack=1 Win=29696 Len=1448 TSval=49208 TSecr=49183
259,9.054168,10.0.0.2,10.0.0.1,TCP,66, > 57222 [ACK] Seq=1 Ack=243865 Win=170496 Len=0 TSval=49230 TSecr=49202
260,9.070034,10.0.0.2,10.0.0.1,TCP,66, > 57222 [ACK] Seq=1 Ack=245313 Win=170496 Len=0 TSval=49234 TSecr=49206
261,9.081592,10.0.0.2,10.0.0.1,TCP,66, > 57222 [ACK] Seq=1 Ack=246761 Win=170496 Len=0 TSval=49237 TSecr=49208
262,9.128492,10.0.0.1,10.0.0.2,TCP,2962,57222 >  [ACK] Seq=246761 Ack=1 Win=29696 Len=2896 TSval=49255 TSecr=49230
263,9.144179,10.0.0.1,10.0.0.2,TCP,1514,[TCP Previous segment not captured] 57222 >  [ACK] Seq=251105 Ack=1 Win=29696 Len=1448 TSval=49262 TSecr=49237
264,9.279313,10.0.0.2,10.0.0.1,TCP,66, > 57222 [ACK] Seq=1 Ack=249657 Win=170496 Len=0 TSval=49286 TSecr=49255
265,9.296383,10.0.0.2,10.0.0.1,TCP,78,[TCP Dup ACK 264#1]  > 57222 [ACK] Seq=1 Ack=249657 Win=170496 Len=0 TSval=49290 TSecr=49255 SLE=251105 SRE=252553
266,9.354005,10.0.0.1,10.0.0.2,TCP,2962,57222 >  [ACK] Seq=252553 Ack=1 Win=29696 Len=2896 TSval=49312 TSecr=49286
267,9.371754,10.0.0.1,10.0.0.2,TCP,1514,57222 >  [ACK] Seq=255449 Ack=1 Win=29696 Len=1448 TSval=49316 TSecr=49290
268,9.504391,10.0.0.2,10.0.0.1,TCP,78,[TCP Dup ACK 264#2]  > 57222 [ACK] Seq=1 Ack=249657 Win=170496 Len=0 TSval=49343 TSecr=49255 SLE=251105 SRE=255449
269,9.524159,10.0.0.2,10.0.0.1,TCP,78,[TCP Dup ACK 264#3]  > 57222 [ACK] Seq=1 Ack=249657 Win=170496 Len=0 TSval=49347 TSecr=49255 SLE=251105 SRE=256897
270,9.550642,10.0.0.1,10.0.0.2,TCP,1514,[TCP Retransmission] 57222 >  [ACK] Seq=249657 Ack=1 Win=29696 Len=1448 TSval=49364 TSecr=49290
271,9.566869,10.0.0.1,10.0.0.2,TCP,1514,57222 >  [ACK] Seq=256897 Ack=1 Win=29696 Len=1448 TSval=49368 TSecr=49343
272,9.701487,10.0.0.2,10.0.0.1,TCP,66, > 57222 [ACK] Seq=1 Ack=256897 Win=170496 Len=0 TSval=49392 TSecr=49364
273,9.718088,10.0.0.2,10.0.0.1,TCP,66, > 57222 [ACK] Seq=1 Ack=258345 Win=170496 Len=0 TSval=49396 TSecr=49368
274,9.763883,10.0.0.1,10.0.0.2,TCP,1514,57222 >  [ACK] Seq=258345 Ack=1 Win=29696 Len=1448 TSval=49417 TSecr=49392
275,9.780499,10.0.0.1,10.0.0.2,TCP,1514,57222 >  [ACK] Seq=259793 Ack=1 Win=29696 Len=1448 TSval=49421 TSecr=49396
276,9.792397,10.0.0.1,10.0.0.2,TCP,1514,57222 >  [ACK] Seq=261241 Ack=1 Win=29696 Len=1448 TSval=49421 TSecr=49396
277,9.914292,10.0.0.2,10.0.0.1,TCP,66, > 57222 [ACK] Seq=1 Ack=259793 Win=170496 Len=0 TSval=49445 TSecr=49417
278,9.930925,10.0.0.2,10.0.0.1,TCP,66, > 57222 [ACK] Seq=1 Ack=261241 Win=170496 Len=0 TSval=49449 TSecr=49421
279,9.944591,10.0.0.2,10.0.0.1,TCP,66, > 57222 [ACK] Seq=1 Ack=262689 Win=170496 Len=0 TSval=49452 TSecr=49421
280,9.976549,10.0.0.1,10.0.0.2,TCP,1514,57222 >  [ACK] Seq=262689 Ack=1 Win=29696 Len=1448 TSval=49470 TSecr=49445
281,9.993249,10.0.0.1,10.0.0.2,TCP,1514,57222 >  [ACK] Seq=264137 Ack=1 Win=29696 Len=1448 TSval=49474 TSecr=49449
282,10.019698,10.0.0.1,10.0.0.2,TCP,2962,57222 >  [ACK] Seq=265585 Ack=1 Win=29696 Len=2896 TSval=49478 TSecr=49452
283,10.127723,10.0.0.2,10.0.0.1,TCP,66, > 57222 [ACK] Seq=1 Ack=264137 Win=170496 Len=0 TSval=49498 TSecr=49470
284,10.144434,10.0.0.2,10.0.0.1,TCP,66, > 57222 [ACK] Seq=1 Ack=265585 Win=170496 Len=0 TSval=49503 TSecr=49474
285,10.170888,10.0.0.2,10.0.0.1,TCP,66, > 57222 [ACK] Seq=1 Ack=268481 Win=170496 Len=0 TSval=49509 TSecr=49478
286,10.190392,10.0.0.1,10.0.0.2,TCP,1514,57222 >  [ACK] Seq=268481 Ack=1 Win=29696 Len=1448 TSval=49524 TSecr=49498
287,10.245292,10.0.0.1,10.0.0.2,TCP,2962,[TCP Previous segment not captured] 57222 >  [ACK] Seq=271377 Ack=1 Win=29696 Len=2896 TSval=49534 TSecr=49509
288,10.343756,10.0.0.2,10.0.0.1,TCP,66, > 57222 [ACK] Seq=1 Ack=269929 Win=170496 Len=0 TSval=49552 TSecr=49524
289,10.396395,10.0.0.2,10.0.0.1,TCP,78,[TCP Dup ACK 288#1]  > 57222 [ACK] Seq=1 Ack=269929 Win=170496 Len=0 TSval=49566 TSecr=49524 SLE=271377 SRE=274273
290,10.406088,10.0.0.1,10.0.0.2,TCP,1514,57222 >  [ACK] Seq=274273 Ack=1 Win=29696 Len=1448 TSval=49578 TSecr=49552
291,10.470924,10.0.0.1,10.0.0.2,TCP,2962,57222 >  [ACK] Seq=275721 Ack=1 Win=29696 Len=2896 TSval=49591 TSecr=49566
292,10.556791,10.0.0.2,10.0.0.1,TCP,78,[TCP Dup ACK 288#2]  > 57222 [ACK] Seq=1 Ack=269929 Win=170496 Len=0 TSval=49606 TSecr=49524 SLE=271377 SRE=275721
293,10.619941,10.0.0.1,10.0.0.2,TCP,1514,[TCP Retransmission] 57222 >  [ACK] Seq=269929 Ack=1 Win=29696 Len=1448 TSval=49631 TSecr=49606
294,10.622074,10.0.0.2,10.0.0.1,TCP,78,[TCP Dup ACK 288#3]  > 57222 [ACK] Seq=1 Ack=269929 Win=170496 Len=0 TSval=49622 TSecr=49524 SLE=271377 SRE=278617
295,10.684446,10.0.0.1,10.0.0.2,TCP,1514,57222 >  [ACK] Seq=278617 Ack=1 Win=29696 Len=1448 TSval=49647 TSecr=49622
296,10.771105,10.0.0.2,10.0.0.1,TCP,66, > 57222 [ACK] Seq=1 Ack=278617 Win=170496 Len=0 TSval=49659 TSecr=49631
297,10.833424,10.0.0.1,10.0.0.2,TCP,1514,57222 >  [ACK] Seq=280065 Ack=1 Win=29696 Len=1448 TSval=49684 TSecr=49659
298,10.83661,10.0.0.2,10.0.0.1,TCP,66, > 57222 [ACK] Seq=1 Ack=280065 Win=170496 Len=0 TSval=49675 TSecr=49647
299,10.898991,10.0.0.1,10.0.0.2,TCP,1514,57222 >  [ACK] Seq=281513 Ack=1 Win=29696 Len=1448 TSval=49701 TSecr=49675
300,10.910916,10.0.0.1,10.0.0.2,TCP,1514,57222 >  [ACK] Seq=282961 Ack=1 Win=29696 Len=1448 TSval=49701 TSecr=49675
301,10.983888,10.0.0.2,10.0.0.1,TCP,66, > 57222 [ACK] Seq=1 Ack=281513 Win=170496 Len=0 TSval=49713 TSecr=49684
302,11.04643,10.0.0.1,10.0.0.2,TCP,1514,57222 >  [ACK] Seq=284409 Ack=1 Win=29696 Len=1448 TSval=49738 TSecr=49713
303,11.050638,10.0.0.2,10.0.0.1,TCP,66, > 57222 [ACK] Seq=1 Ack=282961 Win=170496 Len=0 TSval=49729 TSecr=49701
304,11.061995,10.0.0.2,10.0.0.1,TCP,66, > 57222 [ACK] Seq=1 Ack=284409 Win=170496 Len=0 TSval=49732 TSecr=49701
305,11.112846,10.0.0.1,10.0.0.2,TCP,1514,57222 >  [ACK] Seq=285857 Ack=1 Win=29696 Len=1448 TSval=49754 TSecr=49729
306,11.1375,10.0.0.1,10.0.0.2,TCP,2962,57222 >  [ACK] Seq=287305 Ack=1 Win=29696 Len=2896 TSval=49757 TSecr=49732
307,11.197631,10.0.0.2,10.0.0.1,TCP,66, > 57222 [ACK] Seq=1 Ack=285857 Win=170496 Len=0 TSval=49766 TSecr=49738
308,11.260128,10.0.0.1,10.0.0.2,TCP,1514,57222 >  [ACK] Seq=290201 Ack=1 Win=29696 Len=1448 TSval=49791 TSecr=49766
309,11.264068,10.0.0.2,10.0.0.1,TCP,66, > 57222 [ACK] Seq=1 Ack=287305 Win=170496 Len=0 TSval=49782 TSecr=49754
310,11.288494,10.0.0.2,10.0.0.1,TCP,66, > 57222 [ACK] Seq=1 Ack=290201 Win=170496 Len=0 TSval=49789 TSecr=49757
311,11.327478,10.0.0.1,10.0.0.2,TCP,1514,57222 >  [ACK] Seq=291649 Ack=1 Win=29696 Len=1448 TSval=49808 TSecr=49782
312,11.363604,10.0.0.1,10.0.0.2,TCP,2962,57222 >  [ACK] Seq=293097 Ack=1 Win=29696 Len=2896 TSval=49814 TSecr=49789
313,11.410706,10.0.0.2,10.0.0.1,TCP,66, > 57222 [ACK] Seq=1 Ack=291649 Win=170496 Len=0 TSval=49819 TSecr=49791
314,11.472957,10.0.0.1,10.0.0.2,TCP,1514,57222 >  [ACK] Seq=295993 Ack=1 Win=29696 Len=1448 TSval=49844 TSecr=49819
315,11.478844,10.0.0.2,10.0.0.1,TCP,66, > 57222 [ACK] Seq=1 Ack=293097 Win=170496 Len=0 TSval=49836 TSecr=49808
316,11.514905,10.0.0.2,10.0.0.1,TCP,66, > 57222 [ACK] Seq=1 Ack=295993 Win=170496 Len=0 TSval=49845 TSecr=49814
317,11.541234,10.0.0.1,10.0.0.2,TCP,1514,57222 >  [ACK] Seq=297441 Ack=1 Win=29696 Len=1448 TSval=49861 TSecr=49836
318,11.589987,10.0.0.1,10.0.0.2,TCP,2962,57222 >  [ACK] Seq=298889 Ack=1 Win=29696 Len=2896 TSval=49870 TSecr=49845
319,11.623285,10.0.0.2,10.0.0.1,TCP,66, > 57222 [ACK] Seq=1 Ack=297441 Win=170496 Len=0 TSval=49872 TSecr=49844
320,11.68564,10.0.0.1,10.0.0.2,TCP,1514,57222 >  [ACK] Seq=301785 Ack=1 Win=29696 Len=1448 TSval=49898 TSecr=49872
321,11.692543,10.0.0.2,10.0.0.1,TCP,66, > 57222 [ACK] Seq=1 Ack=298889 Win=170496 Len=0 TSval=49890 TSecr=49861
322,11.741284,10.0.0.2,10.0.0.1,TCP,66, > 57222 [ACK] Seq=1 Ack=301785 Win=170496 Len=0 TSval=49902 TSecr=49870
323,11.755007,10.0.0.1,10.0.0.2,TCP,1514,57222 >  [ACK] Seq=303233 Ack=1 Win=29696 Len=1448 TSval=49915 TSecr=49890
324,11.815608,10.0.0.1,10.0.0.2,TCP,2962,57222 >  [ACK] Seq=304681 Ack=1 Win=29696 Len=2896 TSval=49927 TSecr=49902
325,11.837898,10.0.0.2,10.0.0.1,TCP,66, > 57222 [ACK] Seq=1 Ack=303233 Win=170496 Len=0 TSval=49926 TSecr=49898
326,11.912379,10.0.0.1,10.0.0.2,TCP,2962,57222 >  [ACK] Seq=307577 Ack=1 Win=29696 Len=2896 TSval=49951 TSecr=49926
327,11.944276,10.0.0.2,10.0.0.1,TCP,66, > 57222 [ACK] Seq=1 Ack=304681 Win=170496 Len=0 TSval=49953 TSecr=49915
328,11.966032,10.0.0.2,10.0.0.1,TCP,66, > 57222 [ACK] Seq=1 Ack=307577 Win=170496 Len=0 TSval=49958 TSecr=49927
329,12.006749,10.0.0.1,10.0.0.2,TCP,1514,57222 >  [ACK] Seq=310473 Ack=1 Win=29696 Len=1448 TSval=49978 TSecr=49953
330,12.040895,10.0.0.1,10.0.0.2,TCP,2962,57222 >  [ACK] Seq=311921 Ack=1 Win=29696 Len=2896 TSval=49983 TSecr=49958
331,12.063423,10.0.0.2,10.0.0.1,TCP,66, > 57222 [ACK] Seq=1 Ack=310473 Win=170496 Len=0 TSval=49982 TSecr=49951
332,12.137823,10.0.0.1,10.0.0.2,TCP,2962,57222 >  [ACK] Seq=314817 Ack=1 Win=29696 Len=2896 TSval=50008 TSecr=49982
333,12.19202,10.0.0.2,10.0.0.1,TCP,66, > 57222 [ACK] Seq=1 Ack=314817 Win=170496 Len=0 TSval=50015 TSecr=49978
334,12.266475,10.0.0.1,10.0.0.2,TCP,2962,57222 >  [ACK] Seq=317713 Ack=1 Win=29696 Len=2896 TSval=50040 TSecr=50015
335,12.289789,10.0.0.2,10.0.0.1,TCP,66, > 57222 [ACK] Seq=1 Ack=317713 Win=170496 Len=0 TSval=50039 TSecr=50008
336,12.290712,10.0.0.1,10.0.0.2,TCP,2962,57222 >  [ACK] Seq=320609 Ack=1 Win=29696 Len=2896 TSval=50040 TSecr=50015
337,12.364162,10.0.0.1,10.0.0.2,TCP,2962,57222 >  [ACK] Seq=323505 Ack=1 Win=29696 Len=2896 TSval=50064 TSecr=50039
338,12.417996,10.0.0.2,10.0.0.1,TCP,66, > 57222 [ACK] Seq=1 Ack=320609 Win=170496 Len=0 TSval=50071 TSecr=50040
339,12.442108,10.0.0.2,10.0.0.1,TCP,66, > 57222 [ACK] Seq=1 Ack=323505 Win=170496 Len=0 TSval=50077 TSecr=50040
340,12.492755,10.0.0.1,10.0.0.2,TCP,2962,57222 >  [ACK] Seq=326401 Ack=1 Win=29696 Len=2896 TSval=50096 TSecr=50071
341,12.515345,10.0.0.2,10.0.0.1,TCP,66, > 57222 [ACK] Seq=1 Ack=326401 Win=170496 Len=0 TSval=50095 TSecr=50064
342,12.516517,10.0.0.1,10.0.0.2,TCP,2962,57222 >  [ACK] Seq=329297 Ack=1 Win=29696 Len=2896 TSval=50102 TSecr=50077
343,12.589765,10.0.0.1,10.0.0.2,TCP,2962,57222 >  [ACK] Seq=332193 Ack=1 Win=29696 Len=2896 TSval=50121 TSecr=50095
344,12.64398,10.0.0.2,10.0.0.1,TCP,66, > 57222 [ACK] Seq=1 Ack=329297 Win=170496 Len=0 TSval=50128 TSecr=50096
345,12.668571,10.0.0.2,10.0.0.1,TCP,66, > 57222 [ACK] Seq=1 Ack=332193 Win=170496 Len=0 TSval=50133 TSecr=50102
346,12.718298,10.0.0.1,10.0.0.2,TCP,2962,57222 >  [ACK] Seq=335089 Ack=1 Win=29696 Len=2896 TSval=50153 TSecr=50128
347,12.740124,10.0.0.2,10.0.0.1,TCP,66, > 57222 [ACK] Seq=1 Ack=335089 Win=170496 Len=0 TSval=50152 TSecr=50121
348,12.74297,10.0.0.1,10.0.0.2,TCP,2962,57222 >  [ACK] Seq=337985 Ack=1 Win=29696 Len=2896 TSval=50159 TSecr=50133
349,12.814921,10.0.0.1,10.0.0.2,TCP,2962,57222 >  [ACK] Seq=340881 Ack=1 Win=29696 Len=2896 TSval=50177 TSecr=50152
350,12.82657,10.0.0.1,10.0.0.2,TCP,1514,57222 >  [ACK] Seq=343777 Ack=1 Win=29696 Len=1448 TSval=50177 TSecr=50152
351,12.869567,10.0.0.2,10.0.0.1,TCP,66, > 57222 [ACK] Seq=1 Ack=337985 Win=170496 Len=0 TSval=50184 TSecr=50153
352,12.894098,10.0.0.2,10.0.0.1,TCP,66, > 57222 [ACK] Seq=1 Ack=340881 Win=170496 Len=0 TSval=50190 TSecr=50159
353,12.943977,10.0.0.1,10.0.0.2,TCP,2962,57222 >  [ACK] Seq=345225 Ack=1 Win=29696 Len=2896 TSval=50209 TSecr=50184
354,12.966266,10.0.0.2,10.0.0.1,TCP,66, > 57222 [ACK] Seq=1 Ack=343777 Win=170496 Len=0 TSval=50208 TSecr=50177
355,12.969181,10.0.0.1,10.0.0.2,TCP,2962,57222 >  [ACK] Seq=348121 Ack=1 Win=29696 Len=2896 TSval=50215 TSecr=50190
356,13.040593,10.0.0.1,10.0.0.2,TCP,2962,57222 >  [ACK] Seq=351017 Ack=1 Win=29696 Len=2896 TSval=50233 TSecr=50208
357,13.053143,10.0.0.2,10.0.0.1,TCP,66, > 57222 [ACK] Seq=1 Ack=345225 Win=170496 Len=0 TSval=50230 TSecr=50177
358,13.094591,10.0.0.2,10.0.0.1,TCP,66, > 57222 [ACK] Seq=1 Ack=348121 Win=170496 Len=0 TSval=50240 TSecr=50209
359,13.115597,10.0.0.1,10.0.0.2,TCP,1514,57222 >  [ACK] Seq=353913 Ack=1 Win=29696 Len=1448 TSval=50255 TSecr=50230
360,13.120445,10.0.0.2,10.0.0.1,TCP,66, > 57222 [ACK] Seq=1 Ack=351017 Win=170496 Len=0 TSval=50247 TSecr=50215
361,13.169247,10.0.0.1,10.0.0.2,TCP,2962,57222 >  [ACK] Seq=355361 Ack=1 Win=29696 Len=2896 TSval=50265 TSecr=50240
362,13.1911,10.0.0.2,10.0.0.1,TCP,66, > 57222 [ACK] Seq=1 Ack=353913 Win=170496 Len=0 TSval=50264 TSecr=50233
363,13.194864,10.0.0.1,10.0.0.2,TCP,2962,57222 >  [ACK] Seq=358257 Ack=1 Win=29696 Len=2896 TSval=50272 TSecr=50247
364,13.319924,10.0.0.2,10.0.0.1,TCP,66, > 57222 [ACK] Seq=1 Ack=358257 Win=170496 Len=0 TSval=50297 TSecr=50255
365,13.346898,10.0.0.2,10.0.0.1,TCP,66, > 57222 [ACK] Seq=1 Ack=361153 Win=170496 Len=0 TSval=50303 TSecr=50272
366,13.394706,10.0.0.1,10.0.0.2,TCP,2962,[TCP Previous segment not captured] 57222 >  [ACK] Seq=364049 Ack=1 Win=29696 Len=2896 TSval=50322 TSecr=50297
367,13.419026,10.0.0.1,10.0.0.2,TCP,2962,57222 >  [ACK] Seq=366945 Ack=1 Win=29696 Len=2896 TSval=50322 TSecr=50297
368,13.443414,10.0.0.1,10.0.0.2,TCP,2962,57222 >  [ACK] Seq=369841 Ack=1 Win=29696 Len=2896 TSval=50328 TSecr=50303
369,13.546039,10.0.0.2,10.0.0.1,TCP,78,[TCP Dup ACK 365#1]  > 57222 [ACK] Seq=1 Ack=361153 Win=170496 Len=0 TSval=50353 TSecr=50272 SLE=364049 SRE=366945
370,13.570397,10.0.0.2,10.0.0.1,TCP,78,[TCP Dup ACK 365#2]  > 57222 [ACK] Seq=1 Ack=361153 Win=170496 Len=0 TSval=50359 TSecr=50272 SLE=364049 SRE=369841
371,13.594154,10.0.0.2,10.0.0.1,TCP,78,[TCP Dup ACK 365#3]  > 57222 [ACK] Seq=1 Ack=361153 Win=170496 Len=0 TSval=50365 TSecr=50272 SLE=364049 SRE=372737
372,13.608514,10.0.0.1,10.0.0.2,TCP,1514,[TCP Fast Retransmission] 57222 >  [ACK] Seq=361153 Ack=1 Win=29696 Len=1448 TSval=50378 TSecr=50353
373,13.632972,10.0.0.1,10.0.0.2,TCP,1514,[TCP Retransmission] 57222 >  [ACK] Seq=362601 Ack=1 Win=29696 Len=1448 TSval=50384 TSecr=50359
374,13.644732,10.0.0.1,10.0.0.2,TCP,1514,57222 >  [ACK] Seq=372737 Ack=1 Win=29696 Len=1448 TSval=50384 TSecr=50359
375,13.668991,10.0.0.1,10.0.0.2,TCP,2962,57222 >  [ACK] Seq=374185 Ack=1 Win=29696 Len=2896 TSval=50390 TSecr=50365
376,13.759758,10.0.0.2,10.0.0.1,TCP,78, > 57222 [ACK] Seq=1 Ack=362601 Win=170496 Len=0 TSval=50406 TSecr=50378 SLE=364049 SRE=372737
377,13.783629,10.0.0.2,10.0.0.1,TCP,66, > 57222 [ACK] Seq=1 Ack=372737 Win=170496 Len=0 TSval=50412 TSecr=50384
378,13.796869,10.0.0.2,10.0.0.1,TCP,66, > 57222 [ACK] Seq=1 Ack=374185 Win=170496 Len=0 TSval=50416 TSecr=50384
379,13.820335,10.0.0.2,10.0.0.1,TCP,66, > 57222 [ACK] Seq=1 Ack=377081 Win=170496 Len=0 TSval=50421 TSecr=50390
380,13.82224,10.0.0.1,10.0.0.2,TCP,1514,57222 >  [ACK] Seq=377081 Ack=1 Win=29696 Len=1448 TSval=50432 TSecr=50406
381,13.846668,10.0.0.1,10.0.0.2,TCP,1514,57222 >  [ACK] Seq=378529 Ack=1 Win=29696 Len=1448 TSval=50438 TSecr=50412
382,13.895406,10.0.0.1,10.0.0.2,TCP,2962,[TCP Previous segment not captured] 57222 >  [ACK] Seq=382873 Ack=1 Win=29696 Len=2896 TSval=50447 TSecr=50421
383,13.972888,10.0.0.2,10.0.0.1,TCP,66, > 57222 [ACK] Seq=1 Ack=378529 Win=170496 Len=0 TSval=50460 TSecr=50432
384,13.998898,10.0.0.2,10.0.0.1,TCP,66, > 57222 [ACK] Seq=1 Ack=379977 Win=170496 Len=0 TSval=50466 TSecr=50438
385,14.047068,10.0.0.2,10.0.0.1,TCP,78,[TCP Dup ACK 384#1]  > 57222 [ACK] Seq=1 Ack=379977 Win=170496 Len=0 TSval=50478 TSecr=50438 SLE=382873 SRE=385769
386,14.047244,10.0.0.1,10.0.0.2,TCP,2962,57222 >  [ACK] Seq=385769 Ack=1 Win=29696 Len=2896 TSval=50485 TSecr=50460
387,14.061413,10.0.0.1,10.0.0.2,TCP,1514,57222 >  [ACK] Seq=388665 Ack=1 Win=29696 Len=1448 TSval=50491 TSecr=50466
388,14.198355,10.0.0.2,10.0.0.1,TCP,78,[TCP Dup ACK 384#2]  > 57222 [ACK] Seq=1 Ack=379977 Win=170496 Len=0 TSval=50516 TSecr=50438 SLE=382873 SRE=388665
389,14.2124,10.0.0.2,10.0.0.1,TCP,78,[TCP Dup ACK 384#3]  > 57222 [ACK] Seq=1 Ack=379977 Win=170496 Len=0 TSval=50520 TSecr=50438 SLE=382873 SRE=390113
390,14.260641,10.0.0.1,10.0.0.2,TCP,1514,[TCP Retransmission] 57222 >  [ACK] Seq=381425 Ack=1 Win=29696 Len=1448 TSval=50541 TSecr=50516
391,14.275132,10.0.0.1,10.0.0.2,TCP,1514,[TCP Previous segment not captured] 57222 >  [ACK] Seq=391561 Ack=1 Win=29696 Len=1448 TSval=50545 TSecr=50520
392,14.411743,10.0.0.2,10.0.0.1,TCP,78,[TCP Dup ACK 384#4]  > 57222 [ACK] Seq=1 Ack=379977 Win=170496 Len=0 TSval=50570 TSecr=50438 SLE=381425 SRE=390113
393,14.426406,10.0.0.2,10.0.0.1,TCP,86,[TCP Dup ACK 384#5]  > 57222 [ACK] Seq=1 Ack=379977 Win=170496 Len=0 TSval=50573 TSecr=50438 SLE=391561 SRE=393009 SLE=381425 SRE=390113
394,14.488873,10.0.0.1,10.0.0.2,TCP,1514,[TCP Previous segment not captured] 57222 >  [ACK] Seq=394457 Ack=1 Win=29696 Len=1448 TSval=50598 TSecr=50573
395,14.641006,10.0.0.2,10.0.0.1,TCP,94,[TCP Dup ACK 384#6]  > 57222 [ACK] Seq=1 Ack=379977 Win=170496 Len=0 TSval=50627 TSecr=50438 SLE=394457 SRE=395905 SLE=391561 SRE=393009 SLE=381425 SRE=390113
396,14.703596,10.0.0.1,10.0.0.2,TCP,1514,[TCP Retransmission] 57222 >  [ACK] Seq=379977 Ack=1 Win=29696 Len=1448 TSval=50652 TSecr=50627
397,14.715358,10.0.0.1,10.0.0.2,TCP,1514,[TCP Retransmission] 57222 >  [ACK] Seq=390113 Ack=1 Win=29696 Len=1448 TSval=50652 TSecr=50627
398,14.856482,10.0.0.2,10.0.0.1,TCP,86, > 57222 [ACK] Seq=1 Ack=390113 Win=170496 Len=0 TSval=50680 TSecr=50652 SLE=394457 SRE=395905 SLE=391561 SRE=393009
399,14.866674,10.0.0.2,10.0.0.1,TCP,78, > 57222 [ACK] Seq=1 Ack=393009 Win=170496 Len=0 TSval=50683 TSecr=50652 SLE=394457 SRE=395905
400,14.919258,10.0.0.1,10.0.0.2,TCP,1514,57222 >  [ACK] Seq=395905 Ack=1 Win=29696 Len=1448 TSval=50706 TSecr=50680
401,15.070485,10.0.0.2,10.0.0.1,TCP,78,[TCP Dup ACK 399#1]  > 57222 [ACK] Seq=1 Ack=393009 Win=170496 Len=0 TSval=50734 TSecr=50652 SLE=394457 SRE=397353
402,15.132729,10.0.0.1,10.0.0.2,TCP,1514,[TCP Retransmission] 57222 >  [ACK] Seq=393009 Ack=1 Win=29696 Len=1448 TSval=50759 TSecr=50734
403,15.145621,10.0.0.1,10.0.0.2,TCP,1514,57222 >  [ACK] Seq=397353 Ack=1 Win=29696 Len=1448 TSval=50759 TSecr=50734
404,15.283742,10.0.0.2,10.0.0.1,TCP,66, > 57222 [ACK] Seq=1 Ack=397353 Win=170496 Len=0 TSval=50787 TSecr=50759
405,15.296976,10.0.0.2,10.0.0.1,TCP,66, > 57222 [ACK] Seq=1 Ack=398801 Win=170496 Len=0 TSval=50791 TSecr=50759
406,15.346723,10.0.0.1,10.0.0.2,TCP,1514,57222 >  [ACK] Seq=398801 Ack=1 Win=29696 Len=1448 TSval=50813 TSecr=50787
407,15.359218,10.0.0.1,10.0.0.2,TCP,1514,57222 >  [ACK] Seq=400249 Ack=1 Win=29696 Len=1448 TSval=50816 TSecr=50791
408,15.372133,10.0.0.1,10.0.0.2,TCP,1514,57222 >  [ACK] Seq=401697 Ack=1 Win=29696 Len=1448 TSval=50816 TSecr=50791
409,15.498018,10.0.0.2,10.0.0.1,TCP,66, > 57222 [ACK] Seq=1 Ack=400249 Win=170496 Len=0 TSval=50841 TSecr=50813
410,15.510643,10.0.0.2,10.0.0.1,TCP,66, > 57222 [ACK] Seq=1 Ack=401697 Win=170496 Len=0 TSval=50844 TSecr=50816
411,15.523708,10.0.0.2,10.0.0.1,TCP,66, > 57222 [ACK] Seq=1 Ack=403145 Win=170496 Len=0 TSval=50848 TSecr=50816
412,15.560456,10.0.0.1,10.0.0.2,TCP,1514,57222 >  [ACK] Seq=403145 Ack=1 Win=29696 Len=1448 TSval=50866 TSecr=50841
413,15.572858,10.0.0.1,10.0.0.2,TCP,1514,57222 >  [ACK] Seq=404593 Ack=1 Win=29696 Len=1448 TSval=50869 TSecr=50844
414,15.585966,10.0.0.1,10.0.0.2,TCP,1514,57222 >  [ACK] Seq=406041 Ack=1 Win=29696 Len=1448 TSval=50873 TSecr=50848
415,15.712219,10.0.0.2,10.0.0.1,TCP,66, > 57222 [ACK] Seq=1 Ack=404593 Win=170496 Len=0 TSval=50895 TSecr=50866
416,15.723547,10.0.0.2,10.0.0.1,TCP,66, > 57222 [ACK] Seq=1 Ack=406041 Win=170496 Len=0 TSval=50897 TSecr=50869
417,15.737207,10.0.0.2,10.0.0.1,TCP,66, > 57222 [ACK] Seq=1 Ack=407489 Win=170496 Len=0 TSval=50901 TSecr=50873
418,15.774416,10.0.0.1,10.0.0.2,TCP,1514,57222 >  [ACK] Seq=407489 Ack=1 Win=29696 Len=1448 TSval=50920 TSecr=50895
419,15.786963,10.0.0.1,10.0.0.2,TCP,1514,57222 >  [ACK] Seq=408937 Ack=1 Win=29696 Len=1448 TSval=50923 TSecr=50897
420,15.799677,10.0.0.1,10.0.0.2,TCP,1514,57222 >  [ACK] Seq=410385 Ack=1 Win=29696 Len=1448 TSval=50926 TSecr=50901
421,15.925898,10.0.0.2,10.0.0.1,TCP,66, > 57222 [ACK] Seq=1 Ack=408937 Win=170496 Len=0 TSval=50948 TSecr=50920
422,15.938142,10.0.0.2,10.0.0.1,TCP,66, > 57222 [ACK] Seq=1 Ack=410385 Win=170496 Len=0 TSval=50951 TSecr=50923
423,15.950828,10.0.0.2,10.0.0.1,TCP,66, > 57222 [ACK] Seq=1 Ack=411833 Win=170496 Len=0 TSval=50954 TSecr=50926
424,16.000933,10.0.0.1,10.0.0.2,TCP,2962,57222 >  [ACK] Seq=411833 Ack=1 Win=29696 Len=2896 TSval=50973 TSecr=50948
425,16.013489,10.0.0.1,10.0.0.2,TCP,1514,[TCP Previous segment not captured] 57222 >  [ACK] Seq=416177 Ack=1 Win=29696 Len=1448 TSval=50979 TSecr=50954
426,16.152119,10.0.0.2,10.0.0.1,TCP,66, > 57222 [ACK] Seq=1 Ack=414729 Win=170496 Len=0 TSval=51004 TSecr=50973
427,16.165596,10.0.0.2,10.0.0.1,TCP,78,[TCP Dup ACK 426#1]  > 57222 [ACK] Seq=1 Ack=414729 Win=170496 Len=0 TSval=51008 TSecr=50973 SLE=416177 SRE=417625
428,16.227257,10.0.0.1,10.0.0.2,TCP,2962,57222 >  [ACK] Seq=417625 Ack=1 Win=29696 Len=2896 TSval=51030 TSecr=51004
429,16.238833,10.0.0.1,10.0.0.2,TCP,1514,57222 >  [ACK] Seq=420521 Ack=1 Win=29696 Len=1448 TSval=51033 TSecr=51008
430,16.378395,10.0.0.2,10.0.0.1,TCP,78,[TCP Dup ACK 426#2]  > 57222 [ACK] Seq=1 Ack=414729 Win=170496 Len=0 TSval=51061 TSecr=50973 SLE=416177 SRE=420521
431,16.39002,10.0.0.2,10.0.0.1,TCP,78,[TCP Dup ACK 426#3]  > 57222 [ACK] Seq=1 Ack=414729 Win=170496 Len=0 TSval=51064 TSecr=50973 SLE=416177 SRE=421969
432,16.418602,10.0.0.1,10.0.0.2,TCP,1514,[TCP Retransmission] 57222 >  [ACK] Seq=414729 Ack=1 Win=29696 Len=1448 TSval=51081 TSecr=51008
433,16.440818,10.0.0.1,10.0.0.2,TCP,1514,57222 >  [ACK] Seq=421969 Ack=1 Win=29696 Len=1448 TSval=51086 TSecr=51061
434,16.569995,10.0.0.2,10.0.0.1,TCP,66, > 57222 [ACK] Seq=1 Ack=421969 Win=170496 Len=0 TSval=51109 TSecr=51081
435,16.592509,10.0.0.2,10.0.0.1,TCP,66, > 57222 [ACK] Seq=1 Ack=423417 Win=170496 Len=0 TSval=51115 TSecr=51086
436,16.632217,10.0.0.1,10.0.0.2,TCP,1514,57222 >  [ACK] Seq=423417 Ack=1 Win=29696 Len=1448 TSval=51134 TSecr=51109
437,16.654785,10.0.0.1,10.0.0.2,TCP,1514,57222 >  [ACK] Seq=424865 Ack=1 Win=29696 Len=1448 TSval=51140 TSecr=51115
438,16.667437,10.0.0.1,10.0.0.2,TCP,1514,57222 >  [ACK] Seq=426313 Ack=1 Win=29696 Len=1448 TSval=51140 TSecr=51115
439,16.783534,10.0.0.2,10.0.0.1,TCP,66, > 57222 [ACK] Seq=1 Ack=424865 Win=170496 Len=0 TSval=51162 TSecr=51134
440,16.805318,10.0.0.2,10.0.0.1,TCP,66, > 57222 [ACK] Seq=1 Ack=426313 Win=170496 Len=0 TSval=51168 TSecr=51140
441,16.818667,10.0.0.2,10.0.0.1,TCP,66, > 57222 [ACK] Seq=1 Ack=427761 Win=170496 Len=0 TSval=51171 TSecr=51140
442,16.84585,10.0.0.1,10.0.0.2,TCP,1514,57222 >  [ACK] Seq=427761 Ack=1 Win=29696 Len=1448 TSval=51188 TSecr=51162
443,16.867532,10.0.0.1,10.0.0.2,TCP,1514,57222 >  [ACK] Seq=429209 Ack=1 Win=29696 Len=1448 TSval=51193 TSecr=51168
444,16.893819,10.0.0.1,10.0.0.2,TCP,2962,57222 >  [ACK] Seq=430657 Ack=1 Win=29696 Len=2896 TSval=51196 TSecr=51171
445,16.996247,10.0.0.2,10.0.0.1,TCP,66, > 57222 [ACK] Seq=1 Ack=429209 Win=170496 Len=0 TSval=51216 TSecr=51188
446,17.018603,10.0.0.2,10.0.0.1,TCP,66, > 57222 [ACK] Seq=1 Ack=430657 Win=170496 Len=0 TSval=51221 TSecr=51193
447,17.044446,10.0.0.2,10.0.0.1,TCP,66, > 57222 [ACK] Seq=1 Ack=433553 Win=170496 Len=0 TSval=51228 TSecr=51196
448,17.058466,10.0.0.1,10.0.0.2,TCP,1514,57222 >  [ACK] Seq=433553 Ack=1 Win=29696 Len=1448 TSval=51241 TSecr=51216
449,17.081,10.0.0.1,10.0.0.2,TCP,1514,57222 >  [ACK] Seq=435001 Ack=1 Win=29696 Len=1448 TSval=51246 TSecr=51221
450,17.119254,10.0.0.1,10.0.0.2,TCP,2962,57222 >  [ACK] Seq=436449 Ack=1 Win=29696 Len=2896 TSval=51253 TSecr=51228
451,17.208926,10.0.0.2,10.0.0.1,TCP,66, > 57222 [ACK] Seq=1 Ack=435001 Win=170496 Len=0 TSval=51269 TSecr=51241
452,17.232451,10.0.0.2,10.0.0.1,TCP,66, > 57222 [ACK] Seq=1 Ack=436449 Win=170496 Len=0 TSval=51275 TSecr=51246
453,17.270473,10.0.0.2,10.0.0.1,TCP,66, > 57222 [ACK] Seq=1 Ack=439345 Win=170496 Len=0 TSval=51284 TSecr=51253
454,17.271172,10.0.0.1,10.0.0.2,TCP,1514,57222 >  [ACK] Seq=439345 Ack=1 Win=29696 Len=1448 TSval=51294 TSecr=51269
455,17.294662,10.0.0.1,10.0.0.2,TCP,1514,57222 >  [ACK] Seq=440793 Ack=1 Win=29696 Len=1448 TSval=51300 TSecr=51275
456,17.345564,10.0.0.1,10.0.0.2,TCP,2962,57222 >  [ACK] Seq=442241 Ack=1 Win=29696 Len=2896 TSval=51309 TSecr=51284
457,17.423911,10.0.0.2,10.0.0.1,TCP,66, > 57222 [ACK] Seq=1 Ack=440793 Win=170496 Len=0 TSval=51322 TSecr=51294
458,17.446269,10.0.0.2,10.0.0.1,TCP,66, > 57222 [ACK] Seq=1 Ack=442241 Win=170496 Len=0 TSval=51328 TSecr=51300
459,17.486284,10.0.0.1,10.0.0.2,TCP,1514,57222 >  [ACK] Seq=445137 Ack=1 Win=29696 Len=1448 TSval=51348 TSecr=51322
460,17.496503,10.0.0.2,10.0.0.1,TCP,66, > 57222 [ACK] Seq=1 Ack=445137 Win=170496 Len=0 TSval=51341 TSecr=51309
461,17.508595,10.0.0.1,10.0.0.2,TCP,1514,57222 >  [ACK] Seq=446585 Ack=1 Win=29696 Len=1448 TSval=51353 TSecr=51328
462,17.570834,10.0.0.1,10.0.0.2,TCP,2962,57222 >  [ACK] Seq=448033 Ack=1 Win=29696 Len=2896 TSval=51366 TSecr=51341
463,17.582925,10.0.0.1,10.0.0.2,TCP,1514,57222 >  [ACK] Seq=450929 Ack=1 Win=29696 Len=1448 TSval=51366 TSecr=51341
464,17.638075,10.0.0.2,10.0.0.1,TCP,66, > 57222 [ACK] Seq=1 Ack=446585 Win=170496 Len=0 TSval=51376 TSecr=51348
465,17.70062,10.0.0.1,10.0.0.2,TCP,1514,57222 >  [ACK] Seq=452377 Ack=1 Win=29696 Len=1448 TSval=51401 TSecr=51376
466,17.703972,10.0.0.2,10.0.0.1,TCP,66, > 57222 [ACK] Seq=1 Ack=448033 Win=170496 Len=0 TSval=51393 TSecr=51353
467,17.722525,10.0.0.2,10.0.0.1,TCP,66, > 57222 [ACK] Seq=1 Ack=450929 Win=170496 Len=0 TSval=51397 TSecr=51366
468,17.766382,10.0.0.1,10.0.0.2,TCP,1514,57222 >  [ACK] Seq=453825 Ack=1 Win=29696 Len=1448 TSval=51418 TSecr=51393
469,17.797774,10.0.0.1,10.0.0.2,TCP,2962,57222 >  [ACK] Seq=455273 Ack=1 Win=29696 Len=2896 TSval=51422 TSecr=51397
470,17.803786,10.0.0.2,10.0.0.1,TCP,66, > 57222 [ACK] Seq=1 Ack=452377 Win=170496 Len=0 TSval=51418 TSecr=51366
471,17.866662,10.0.0.1,10.0.0.2,TCP,1514,57222 >  [ACK] Seq=458169 Ack=1 Win=29696 Len=1448 TSval=51443 TSecr=51418
472,17.917598,10.0.0.2,10.0.0.1,TCP,66, > 57222 [ACK] Seq=1 Ack=455273 Win=170496 Len=0 TSval=51446 TSecr=51401
473,17.949706,10.0.0.2,10.0.0.1,TCP,66, > 57222 [ACK] Seq=1 Ack=458169 Win=170496 Len=0 TSval=51454 TSecr=51422
474,17.992207,10.0.0.1,10.0.0.2,TCP,2962,57222 >  [ACK] Seq=459617 Ack=1 Win=29696 Len=2896 TSval=51471 TSecr=51446
475,18.024669,10.0.0.1,10.0.0.2,TCP,2962,57222 >  [ACK] Seq=462513 Ack=1 Win=29696 Len=2896 TSval=51479 TSecr=51454
476,18.139933,10.0.0.2,10.0.0.1,TCP,66, > 57222 [ACK] Seq=1 Ack=459617 Win=170496 Len=0 TSval=51502 TSecr=51443
477,18.143928,10.0.0.2,10.0.0.1,TCP,66, > 57222 [ACK] Seq=1 Ack=462513 Win=170496 Len=0 TSval=51502 TSecr=51471
478,18.175159,10.0.0.2,10.0.0.1,TCP,66, > 57222 [ACK] Seq=1 Ack=465409 Win=170496 Len=0 TSval=51510 TSecr=51479
479,18.214724,10.0.0.1,10.0.0.2,TCP,2962,57222 >  [ACK] Seq=465409 Ack=1 Win=29696 Len=2896 TSval=51527 TSecr=51502
480,18.249984,10.0.0.1,10.0.0.2,TCP,2962,[TCP Previous segment not captured] 57222 >  [ACK] Seq=471201 Ack=1 Win=29696 Len=2896 TSval=51535 TSecr=51510
481,18.366034,10.0.0.2,10.0.0.1,TCP,66, > 57222 [ACK] Seq=1 Ack=468305 Win=170496 Len=0 TSval=51558 TSecr=51527
482,18.401273,10.0.0.2,10.0.0.1,TCP,78,[TCP Dup ACK 481#1]  > 57222 [ACK] Seq=1 Ack=468305 Win=170496 Len=0 TSval=51567 TSecr=51527 SLE=471201 SRE=474097
483,18.440346,10.0.0.1,10.0.0.2,TCP,2962,57222 >  [ACK] Seq=474097 Ack=1 Win=29696 Len=2896 TSval=51583 TSecr=51558
484,18.463585,10.0.0.1,10.0.0.2,TCP,1514,[TCP Retransmission] 57222 >  [ACK] Seq=468305 Ack=1 Win=29696 Len=1448 TSval=51592 TSecr=51567
485,18.590684,10.0.0.2,10.0.0.1,TCP,78,[TCP Dup ACK 481#2]  > 57222 [ACK] Seq=1 Ack=468305 Win=170496 Len=0 TSval=51614 TSecr=51527 SLE=471201 SRE=476993
486,18.614065,10.0.0.2,10.0.0.1,TCP,78, > 57222 [ACK] Seq=1 Ack=469753 Win=170496 Len=0 TSval=51620 TSecr=51592 SLE=471201 SRE=476993
487,18.653239,10.0.0.1,10.0.0.2,TCP,1514,[TCP Retransmission] 57222 >  [ACK] Seq=469753 Ack=1 Win=29696 Len=1448 TSval=51639 TSecr=51614
488,18.677854,10.0.0.1,10.0.0.2,TCP,2962,57222 >  [ACK] Seq=476993 Ack=1 Win=29696 Len=2896 TSval=51639 TSecr=51614
489,18.68937,10.0.0.1,10.0.0.2,TCP,1514,57222 >  [ACK] Seq=479889 Ack=1 Win=29696 Len=1448 TSval=51645 TSecr=51620
490,18.804516,10.0.0.2,10.0.0.1,TCP,66, > 57222 [ACK] Seq=1 Ack=476993 Win=170496 Len=0 TSval=51668 TSecr=51639
491,18.82914,10.0.0.2,10.0.0.1,TCP,66, > 57222 [ACK] Seq=1 Ack=479889 Win=170496 Len=0 TSval=51674 TSecr=51639
492,18.840566,10.0.0.2,10.0.0.1,TCP,66, > 57222 [ACK] Seq=1 Ack=481337 Win=170496 Len=0 TSval=51677 TSecr=51645
493,18.892434,10.0.0.1,10.0.0.2,TCP,1514,[TCP Previous segment not captured] 57222 >  [ACK] Seq=485681 Ack=1 Win=29696 Len=1448 TSval=51699 TSecr=51674
494,18.903971,10.0.0.1,10.0.0.2,TCP,1514,57222 >  [ACK] Seq=487129 Ack=1 Win=29696 Len=1448 TSval=51702 TSecr=51677
495,19.043847,10.0.0.2,10.0.0.1,TCP,78,[TCP Dup ACK 492#1]  > 57222 [ACK] Seq=1 Ack=481337 Win=170496 Len=0 TSval=51727 TSecr=51645 SLE=485681 SRE=487129
496,19.054885,10.0.0.2,10.0.0.1,TCP,78,[TCP Dup ACK 492#2]  > 57222 [ACK] Seq=1 Ack=481337 Win=170496 Len=0 TSval=51730 TSecr=51645 SLE=485681 SRE=488577
497,19.106287,10.0.0.1,10.0.0.2,TCP,1514,[TCP Retransmission] 57222 >  [ACK] Seq=481337 Ack=1 Win=29696 Len=1448 TSval=51753 TSecr=51727
498,19.11892,10.0.0.1,10.0.0.2,TCP,1514,[TCP Retransmission] 57222 >  [ACK] Seq=482785 Ack=1 Win=29696 Len=1448 TSval=51755 TSecr=51730
499,19.25755,10.0.0.2,10.0.0.1,TCP,78, > 57222 [ACK] Seq=1 Ack=482785 Win=170496 Len=0 TSval=51781 TSecr=51753 SLE=485681 SRE=488577
500,19.270241,10.0.0.2,10.0.0.1,TCP,78, > 57222 [ACK] Seq=1 Ack=484233 Win=170496 Len=0 TSval=51784 TSecr=51755 SLE=485681 SRE=488577
501,19.332712,10.0.0.1,10.0.0.2,TCP,1514,[TCP Previous segment not captured] 57222 >  [ACK] Seq=490025 Ack=1 Win=29696 Len=1448 TSval=51809 TSecr=51784
502,19.484107,10.0.0.2,10.0.0.1,TCP,86,[TCP Dup ACK 500#1]  > 57222 [ACK] Seq=1 Ack=484233 Win=170496 Len=0 TSval=51838 TSecr=51755 SLE=490025 SRE=491473 SLE=485681 SRE=488577
503,19.546434,10.0.0.1,10.0.0.2,TCP,1514,[TCP Retransmission] 57222 >  [ACK] Seq=484233 Ack=1 Win=29696 Len=1448 TSval=51863 TSecr=51838
504,19.558497,10.0.0.1,10.0.0.2,TCP,1514,57222 >  [ACK] Seq=491473 Ack=1 Win=29696 Len=1448 TSval=51863 TSecr=51838
505,19.698014,10.0.0.2,10.0.0.1,TCP,78, > 57222 [ACK] Seq=1 Ack=488577 Win=170496 Len=0 TSval=51891 TSecr=51863 SLE=490025 SRE=491473
506,19.709199,10.0.0.2,10.0.0.1,TCP,78,[TCP Dup ACK 505#1]  > 57222 [ACK] Seq=1 Ack=488577 Win=170496 Len=0 TSval=51894 TSecr=51863 SLE=490025 SRE=492921
507,19.760369,10.0.0.1,10.0.0.2,TCP,1514,57222 >  [ACK] Seq=492921 Ack=1 Win=29696 Len=1448 TSval=51916 TSecr=51891
508,19.772783,10.0.0.1,10.0.0.2,TCP,1514,57222 >  [ACK] Seq=494369 Ack=1 Win=29696 Len=1448 TSval=51919 TSecr=51894
509,19.911236,10.0.0.2,10.0.0.1,TCP,78,[TCP Dup ACK 505#2]  > 57222 [ACK] Seq=1 Ack=488577 Win=170496 Len=0 TSval=51944 TSecr=51863 SLE=490025 SRE=494369
510,19.924019,10.0.0.2,10.0.0.1,TCP,78,[TCP Dup ACK 505#3]  > 57222 [ACK] Seq=1 Ack=488577 Win=170496 Len=0 TSval=51947 TSecr=51863 SLE=490025 SRE=495817
511,19.973528,10.0.0.1,10.0.0.2,TCP,1514,[TCP Retransmission] 57222 >  [ACK] Seq=488577 Ack=1 Win=29696 Len=1448 TSval=51970 TSecr=51944
512,19.989854,10.0.0.1,10.0.0.2,TCP,1514,57222 >  [ACK] Seq=495817 Ack=1 Win=29696 Len=1448 TSval=51973 TSecr=51947
513,20.124645,10.0.0.2,10.0.0.1,TCP,66, > 57222 [ACK] Seq=1 Ack=495817 Win=170496 Len=0 TSval=51998 TSecr=51970
514,20.140718,10.0.0.2,10.0.0.1,TCP,66, > 57222 [ACK] Seq=1 Ack=497265 Win=170496 Len=0 TSval=52002 TSecr=51973
515,20.187006,10.0.0.1,10.0.0.2,TCP,1514,57222 >  [ACK] Seq=497265 Ack=1 Win=29696 Len=1448 TSval=52023 TSecr=51998
516,20.203246,10.0.0.1,10.0.0.2,TCP,1514,57222 >  [ACK] Seq=498713 Ack=1 Win=29696 Len=1448 TSval=52027 TSecr=52002
517,20.21545,10.0.0.1,10.0.0.2,TCP,1514,57222 >  [ACK] Seq=500161 Ack=1 Win=29696 Len=1448 TSval=52027 TSecr=52002
518,20.339052,10.0.0.2,10.0.0.1,TCP,66, > 57222 [ACK] Seq=1 Ack=498713 Win=170496 Len=0 TSval=52051 TSecr=52023
519,20.354056,10.0.0.2,10.0.0.1,TCP,66, > 57222 [ACK] Seq=1 Ack=500161 Win=170496 Len=0 TSval=52055 TSecr=52027
520,20.366285,10.0.0.2,10.0.0.1,TCP,66, > 57222 [ACK] Seq=1 Ack=501609 Win=170496 Len=0 TSval=52058 TSecr=52027
521,20.401408,10.0.0.1,10.0.0.2,TCP,1514,57222 >  [ACK] Seq=501609 Ack=1 Win=29696 Len=1448 TSval=52076 TSecr=52051
522,20.416532,10.0.0.1,10.0.0.2,TCP,1514,57222 >  [ACK] Seq=503057 Ack=1 Win=29696 Len=1448 TSval=52080 TSecr=52055
523,20.428712,10.0.0.1,10.0.0.2,TCP,1514,57222 >  [ACK] Seq=504505 Ack=1 Win=29696 Len=1448 TSval=52083 TSecr=52058
524,20.553117,10.0.0.2,10.0.0.1,TCP,66, > 57222 [ACK] Seq=1 Ack=503057 Win=170496 Len=0 TSval=52105 TSecr=52076
525,20.568778,10.0.0.2,10.0.0.1,TCP,66, > 57222 [ACK] Seq=1 Ack=504505 Win=170496 Len=0 TSval=52109 TSecr=52080
526,20.57992,10.0.0.2,10.0.0.1,TCP,66, > 57222 [ACK] Seq=1 Ack=505953 Win=170496 Len=0 TSval=52112 TSecr=52083
527,20.616119,10.0.0.1,10.0.0.2,TCP,1514,57222 >  [ACK] Seq=505953 Ack=1 Win=29696 Len=1448 TSval=52130 TSecr=52105
528,20.631387,10.0.0.1,10.0.0.2,TCP,1514,57222 >  [ACK] Seq=507401 Ack=1 Win=29696 Len=1448 TSval=52134 TSecr=52109
529,20.643439,10.0.0.1,10.0.0.2,TCP,1514,57222 >  [ACK] Seq=508849 Ack=1 Win=29696 Len=1448 TSval=52137 TSecr=52112
530,20.766814,10.0.0.2,10.0.0.1,TCP,66, > 57222 [ACK] Seq=1 Ack=507401 Win=170496 Len=0 TSval=52158 TSecr=52130
531,20.782617,10.0.0.2,10.0.0.1,TCP,66, > 57222 [ACK] Seq=1 Ack=508849 Win=170496 Len=0 TSval=52162 TSecr=52134
532,20.794575,10.0.0.2,10.0.0.1,TCP,66, > 57222 [ACK] Seq=1 Ack=510297 Win=170496 Len=0 TSval=52165 TSecr=52137
533,20.841213,10.0.0.1,10.0.0.2,TCP,2962,57222 >  [ACK] Seq=510297 Ack=1 Win=29696 Len=2896 TSval=52183 TSecr=52158
534,20.860482,10.0.0.1,10.0.0.2,TCP,1514,57222 >  [ACK] Seq=513193 Ack=1 Win=29696 Len=1448 TSval=52187 TSecr=52162
535,20.865976,10.0.0.1,10.0.0.2,TCP,1514,57222 >  [ACK] Seq=514641 Ack=1 Win=29696 Len=1448 TSval=52190 TSecr=52165
536,20.991927,10.0.0.2,10.0.0.1,TCP,66, > 57222 [ACK] Seq=1 Ack=513193 Win=170496 Len=0 TSval=52215 TSecr=52183
537,21.011755,10.0.0.2,10.0.0.1,TCP,66, > 57222 [ACK] Seq=1 Ack=514641 Win=170496 Len=0 TSval=52219 TSecr=52187
538,21.016605,10.0.0.2,10.0.0.1,TCP,66, > 57222 [ACK] Seq=1 Ack=516089 Win=170496 Len=0 TSval=52221 TSecr=52190
539,21.06664,10.0.0.1,10.0.0.2,TCP,2962,57222 >  [ACK] Seq=516089 Ack=1 Win=29696 Len=2896 TSval=52240 TSecr=52215
540,21.078739,10.0.0.1,10.0.0.2,TCP,1514,57222 >  [ACK] Seq=518985 Ack=1 Win=29696 Len=1448 TSval=52245 TSecr=52219
541,21.217379,10.0.0.2,10.0.0.1,TCP,66, > 57222 [ACK] Seq=1 Ack=518985 Win=170496 Len=0 TSval=52271 TSecr=52240
542,21.267742,10.0.0.2,10.0.0.1,TCP,66, > 57222 [ACK] Seq=1 Ack=520433 Win=170496 Len=0 TSval=52284 TSecr=52245
543,21.291996,10.0.0.1,10.0.0.2,TCP,2962,[TCP Previous segment not captured] 57222 >  [ACK] Seq=521881 Ack=1 Win=29696 Len=2896 TSval=52296 TSecr=52271
544,21.304134,10.0.0.1,10.0.0.2,TCP,1514,57222 >  [ACK] Seq=524777 Ack=1 Win=29696 Len=1448 TSval=52296 TSecr=52271
545,21.3305,10.0.0.1,10.0.0.2,TCP,1514,57222 >  [ACK] Seq=526225 Ack=1 Win=29696 Len=1448 TSval=52309 TSecr=52284
546,21.443182,10.0.0.2,10.0.0.1,TCP,78,[TCP Dup ACK 542#1]  > 57222 [ACK] Seq=1 Ack=520433 Win=170496 Len=0 TSval=52327 TSecr=52245 SLE=521881 SRE=524777
547,21.455582,10.0.0.2,10.0.0.1,TCP,78,[TCP Dup ACK 542#2]  > 57222 [ACK] Seq=1 Ack=520433 Win=170496 Len=0 TSval=52330 TSecr=52245 SLE=521881 SRE=526225
548,21.482144,10.0.0.2,10.0.0.1,TCP,78,[TCP Dup ACK 542#3]  > 57222 [ACK] Seq=1 Ack=520433 Win=170496 Len=0 TSval=52337 TSecr=52245 SLE=521881 SRE=527673
549,21.517955,10.0.0.1,10.0.0.2,TCP,1514,[TCP Retransmission] 57222 >  [ACK] Seq=520433 Ack=1 Win=29696 Len=1448 TSval=52356 TSecr=52330
550,21.66982,10.0.0.2,10.0.0.1,TCP,66, > 57222 [ACK] Seq=1 Ack=527673 Win=170496 Len=0 TSval=52384 TSecr=52356
551,21.732285,10.0.0.1,10.0.0.2,TCP,1514,[TCP Previous segment not captured] 57222 >  [ACK] Seq=530569 Ack=1 Win=29696 Len=1448 TSval=52409 TSecr=52384
552,21.88287,10.0.0.2,10.0.0.1,TCP,78,[TCP Dup ACK 550#1]  > 57222 [ACK] Seq=1 Ack=527673 Win=170496 Len=0 TSval=52437 TSecr=52356 SLE=530569 SRE=532017
553,21.945322,10.0.0.1,10.0.0.2,TCP,1514,[TCP Retransmission] 57222 >  [ACK] Seq=527673 Ack=1 Win=29696 Len=1448 TSval=52462 TSecr=52437
554,21.957377,10.0.0.1,10.0.0.2,TCP,1514,57222 >  [ACK] Seq=532017 Ack=1 Win=29696 Len=1448 TSval=52462 TSecr=52437
555,22.09613,10.0.0.2,10.0.0.1,TCP,78, > 57222 [ACK] Seq=1 Ack=529121 Win=170496 Len=0 TSval=52491 TSecr=52462 SLE=530569 SRE=532017
556,22.107699,10.0.0.2,10.0.0.1,TCP,78,[TCP Dup ACK 555#1]  > 57222 [ACK] Seq=1 Ack=529121 Win=170496 Len=0 TSval=52494 TSecr=52462 SLE=530569 SRE=533465
557,22.158494,10.0.0.1,10.0.0.2,TCP,1514,57222 >  [ACK] Seq=533465 Ack=1 Win=29696 Len=1448 TSval=52516 TSecr=52491
558,22.170976,10.0.0.1,10.0.0.2,TCP,1514,[TCP Retransmission] 57222 >  [ACK] Seq=529121 Ack=1 Win=29696 Len=1448 TSval=52519 TSecr=52494
559,22.182704,10.0.0.1,10.0.0.2,TCP,1514,57222 >  [ACK] Seq=534913 Ack=1 Win=29696 Len=1448 TSval=52519 TSecr=52494
560,22.308738,10.0.0.2,10.0.0.1,TCP,78,[TCP Dup ACK 555#2]  > 57222 [ACK] Seq=1 Ack=529121 Win=170496 Len=0 TSval=52544 TSecr=52462 SLE=530569 SRE=534913
561,22.322144,10.0.0.2,10.0.0.1,TCP,66, > 57222 [ACK] Seq=1 Ack=534913 Win=170496 Len=0 TSval=52547 TSecr=52519
562,22.333175,10.0.0.2,10.0.0.1,TCP,66, > 57222 [ACK] Seq=1 Ack=536361 Win=170496 Len=0 TSval=52550 TSecr=52519
563,22.371451,10.0.0.1,10.0.0.2,TCP,1514,57222 >  [ACK] Seq=536361 Ack=1 Win=29696 Len=1448 TSval=52569 TSecr=52544
564,22.384599,10.0.0.1,10.0.0.2,TCP,1514,57222 >  [ACK] Seq=537809 Ack=1 Win=29696 Len=1448 TSval=52572 TSecr=52547
565,22.402128,10.0.0.1,10.0.0.2,TCP,2097,"57222 >  [FIN, PSH, ACK] Seq=539257 Ack=1 Win=29696 Len=2031 TSval=52575 TSecr=52550"
566,22.524771,10.0.0.2,10.0.0.1,TCP,66, > 57222 [ACK] Seq=1 Ack=537809 Win=170496 Len=0 TSval=52598 TSecr=52569
567,22.536495,10.0.0.2,10.0.0.1,TCP,66, > 57222 [ACK] Seq=1 Ack=539257 Win=170496 Len=0 TSval=52601 TSecr=52572
568,22.553597,10.0.0.2,10.0.0.1,TCP,66, > 57222 [ACK] Seq=1 Ack=541289 Win=170496 Len=0 TSval=52605 TSecr=52575
569,22.5536,10.0.0.2,10.0.0.1,TCP,66," > 57222 [FIN, ACK] Seq=1 Ack=541289 Win=170496 Len=0 TSval=52605 TSecr=52575"
570,22.604299,10.0.0.1,10.0.0.2,TCP,66,57222 >  [ACK] Seq=541289 Ack=2 Win=29696 Len=0 TSval=52630 TSecr=52605
